--
-- PostgreSQL database dump
--

-- Dumped from database version 9.5.14
-- Dumped by pg_dump version 9.5.14

SET statement_timeout = 0;
SET lock_timeout = 0;
SET client_encoding = 'UTF8';
SET standard_conforming_strings = on;
SELECT pg_catalog.set_config('search_path', '', false);
SET check_function_bodies = false;
SET client_min_messages = warning;
SET row_security = off;

--
-- Name: plpgsql; Type: EXTENSION; Schema: -; Owner: -
--

CREATE EXTENSION IF NOT EXISTS plpgsql WITH SCHEMA pg_catalog;


--
-- Name: EXTENSION plpgsql; Type: COMMENT; Schema: -; Owner: -
--

COMMENT ON EXTENSION plpgsql IS 'PL/pgSQL procedural language';


--
-- Name: fuzzystrmatch; Type: EXTENSION; Schema: -; Owner: -
--

CREATE EXTENSION IF NOT EXISTS fuzzystrmatch WITH SCHEMA public;


--
-- Name: EXTENSION fuzzystrmatch; Type: COMMENT; Schema: -; Owner: -
--

COMMENT ON EXTENSION fuzzystrmatch IS 'determine similarities and distance between strings';


SET default_tablespace = '';

SET default_with_oids = false;

--
-- Name: apply_jobs; Type: TABLE; Schema: public; Owner: -
--

CREATE TABLE public.apply_jobs (
    id bigint NOT NULL,
    job_post_id bigint,
    seeker_id bigint,
    created_at timestamp without time zone NOT NULL,
    updated_at timestamp without time zone NOT NULL
);


--
-- Name: apply_jobs_id_seq; Type: SEQUENCE; Schema: public; Owner: -
--

CREATE SEQUENCE public.apply_jobs_id_seq
    START WITH 1
    INCREMENT BY 1
    NO MINVALUE
    NO MAXVALUE
    CACHE 1;


--
-- Name: apply_jobs_id_seq; Type: SEQUENCE OWNED BY; Schema: public; Owner: -
--

ALTER SEQUENCE public.apply_jobs_id_seq OWNED BY public.apply_jobs.id;


--
-- Name: ar_internal_metadata; Type: TABLE; Schema: public; Owner: -
--

CREATE TABLE public.ar_internal_metadata (
    key character varying NOT NULL,
    value character varying,
    created_at timestamp without time zone NOT NULL,
    updated_at timestamp without time zone NOT NULL
);


--
-- Name: categories; Type: TABLE; Schema: public; Owner: -
--

CREATE TABLE public.categories (
    id bigint NOT NULL,
    name character varying,
    created_at timestamp without time zone NOT NULL,
    updated_at timestamp without time zone NOT NULL
);


--
-- Name: categories_id_seq; Type: SEQUENCE; Schema: public; Owner: -
--

CREATE SEQUENCE public.categories_id_seq
    START WITH 1
    INCREMENT BY 1
    NO MINVALUE
    NO MAXVALUE
    CACHE 1;


--
-- Name: categories_id_seq; Type: SEQUENCE OWNED BY; Schema: public; Owner: -
--

ALTER SEQUENCE public.categories_id_seq OWNED BY public.categories.id;


--
-- Name: educations; Type: TABLE; Schema: public; Owner: -
--

CREATE TABLE public.educations (
    id bigint NOT NULL,
    "eduName" character varying,
    created_at timestamp without time zone NOT NULL,
    updated_at timestamp without time zone NOT NULL
);


--
-- Name: educations_id_seq; Type: SEQUENCE; Schema: public; Owner: -
--

CREATE SEQUENCE public.educations_id_seq
    START WITH 1
    INCREMENT BY 1
    NO MINVALUE
    NO MAXVALUE
    CACHE 1;


--
-- Name: educations_id_seq; Type: SEQUENCE OWNED BY; Schema: public; Owner: -
--

ALTER SEQUENCE public.educations_id_seq OWNED BY public.educations.id;


--
-- Name: job_categories; Type: TABLE; Schema: public; Owner: -
--

CREATE TABLE public.job_categories (
    id bigint NOT NULL,
    category_id bigint,
    job_post_id bigint,
    created_at timestamp without time zone NOT NULL,
    updated_at timestamp without time zone NOT NULL
);


--
-- Name: job_categories_id_seq; Type: SEQUENCE; Schema: public; Owner: -
--

CREATE SEQUENCE public.job_categories_id_seq
    START WITH 1
    INCREMENT BY 1
    NO MINVALUE
    NO MAXVALUE
    CACHE 1;


--
-- Name: job_categories_id_seq; Type: SEQUENCE OWNED BY; Schema: public; Owner: -
--

ALTER SEQUENCE public.job_categories_id_seq OWNED BY public.job_categories.id;


--
-- Name: job_educations; Type: TABLE; Schema: public; Owner: -
--

CREATE TABLE public.job_educations (
    id bigint NOT NULL,
    education_id bigint,
    job_post_id bigint,
    created_at timestamp without time zone NOT NULL,
    updated_at timestamp without time zone NOT NULL
);


--
-- Name: job_educations_id_seq; Type: SEQUENCE; Schema: public; Owner: -
--

CREATE SEQUENCE public.job_educations_id_seq
    START WITH 1
    INCREMENT BY 1
    NO MINVALUE
    NO MAXVALUE
    CACHE 1;


--
-- Name: job_educations_id_seq; Type: SEQUENCE OWNED BY; Schema: public; Owner: -
--

ALTER SEQUENCE public.job_educations_id_seq OWNED BY public.job_educations.id;


--
-- Name: job_posts; Type: TABLE; Schema: public; Owner: -
--

CREATE TABLE public.job_posts (
    id bigint NOT NULL,
    job_title character varying,
    no_of_vacancies character varying,
    experience character varying,
    description character varying,
    department character varying,
    deadline character varying,
    job_type character varying,
    recuitor_id bigint,
    created_at timestamp without time zone NOT NULL,
    updated_at timestamp without time zone NOT NULL,
    location character varying
);


--
-- Name: job_posts_id_seq; Type: SEQUENCE; Schema: public; Owner: -
--

CREATE SEQUENCE public.job_posts_id_seq
    START WITH 1
    INCREMENT BY 1
    NO MINVALUE
    NO MAXVALUE
    CACHE 1;


--
-- Name: job_posts_id_seq; Type: SEQUENCE OWNED BY; Schema: public; Owner: -
--

ALTER SEQUENCE public.job_posts_id_seq OWNED BY public.job_posts.id;


--
-- Name: job_skills; Type: TABLE; Schema: public; Owner: -
--

CREATE TABLE public.job_skills (
    id bigint NOT NULL,
    skill_id bigint,
    job_post_id bigint,
    created_at timestamp without time zone NOT NULL,
    updated_at timestamp without time zone NOT NULL
);


--
-- Name: job_skills_id_seq; Type: SEQUENCE; Schema: public; Owner: -
--

CREATE SEQUENCE public.job_skills_id_seq
    START WITH 1
    INCREMENT BY 1
    NO MINVALUE
    NO MAXVALUE
    CACHE 1;


--
-- Name: job_skills_id_seq; Type: SEQUENCE OWNED BY; Schema: public; Owner: -
--

ALTER SEQUENCE public.job_skills_id_seq OWNED BY public.job_skills.id;


--
-- Name: recuitor_profiles; Type: TABLE; Schema: public; Owner: -
--

CREATE TABLE public.recuitor_profiles (
    id bigint NOT NULL,
    company_name character varying,
    contact_no character varying,
    address character varying,
    pan_no character varying,
    description character varying,
    recuitor_id bigint,
    created_at timestamp without time zone NOT NULL,
    updated_at timestamp without time zone NOT NULL,
    industry character varying,
    website character varying,
    email character varying,
    photo character varying
);


--
-- Name: recuitor_profiles_id_seq; Type: SEQUENCE; Schema: public; Owner: -
--

CREATE SEQUENCE public.recuitor_profiles_id_seq
    START WITH 1
    INCREMENT BY 1
    NO MINVALUE
    NO MAXVALUE
    CACHE 1;


--
-- Name: recuitor_profiles_id_seq; Type: SEQUENCE OWNED BY; Schema: public; Owner: -
--

ALTER SEQUENCE public.recuitor_profiles_id_seq OWNED BY public.recuitor_profiles.id;


--
-- Name: recuitors; Type: TABLE; Schema: public; Owner: -
--

CREATE TABLE public.recuitors (
    id bigint NOT NULL,
    email character varying DEFAULT ''::character varying NOT NULL,
    encrypted_password character varying DEFAULT ''::character varying NOT NULL,
    reset_password_token character varying,
    reset_password_sent_at timestamp without time zone,
    remember_created_at timestamp without time zone,
    sign_in_count integer DEFAULT 0 NOT NULL,
    current_sign_in_at timestamp without time zone,
    last_sign_in_at timestamp without time zone,
    current_sign_in_ip inet,
    last_sign_in_ip inet,
    created_at timestamp without time zone NOT NULL,
    updated_at timestamp without time zone NOT NULL,
    confirmation_token character varying,
    confirmed_at timestamp without time zone,
    confirmation_sent_at timestamp without time zone,
    unconfirmed_email character varying
);


--
-- Name: recuitors_id_seq; Type: SEQUENCE; Schema: public; Owner: -
--

CREATE SEQUENCE public.recuitors_id_seq
    START WITH 1
    INCREMENT BY 1
    NO MINVALUE
    NO MAXVALUE
    CACHE 1;


--
-- Name: recuitors_id_seq; Type: SEQUENCE OWNED BY; Schema: public; Owner: -
--

ALTER SEQUENCE public.recuitors_id_seq OWNED BY public.recuitors.id;


--
-- Name: schema_migrations; Type: TABLE; Schema: public; Owner: -
--

CREATE TABLE public.schema_migrations (
    version character varying NOT NULL
);


--
-- Name: seeker_categories; Type: TABLE; Schema: public; Owner: -
--

CREATE TABLE public.seeker_categories (
    id bigint NOT NULL,
    category_id bigint,
    seeker_profile_id bigint,
    created_at timestamp without time zone NOT NULL,
    updated_at timestamp without time zone NOT NULL
);


--
-- Name: seeker_categories_id_seq; Type: SEQUENCE; Schema: public; Owner: -
--

CREATE SEQUENCE public.seeker_categories_id_seq
    START WITH 1
    INCREMENT BY 1
    NO MINVALUE
    NO MAXVALUE
    CACHE 1;


--
-- Name: seeker_categories_id_seq; Type: SEQUENCE OWNED BY; Schema: public; Owner: -
--

ALTER SEQUENCE public.seeker_categories_id_seq OWNED BY public.seeker_categories.id;


--
-- Name: seeker_educations; Type: TABLE; Schema: public; Owner: -
--

CREATE TABLE public.seeker_educations (
    id bigint NOT NULL,
    education_id bigint,
    seeker_profile_id bigint,
    colzname character varying,
    year character varying,
    created_at timestamp without time zone NOT NULL,
    updated_at timestamp without time zone NOT NULL
);


--
-- Name: seeker_educations_id_seq; Type: SEQUENCE; Schema: public; Owner: -
--

CREATE SEQUENCE public.seeker_educations_id_seq
    START WITH 1
    INCREMENT BY 1
    NO MINVALUE
    NO MAXVALUE
    CACHE 1;


--
-- Name: seeker_educations_id_seq; Type: SEQUENCE OWNED BY; Schema: public; Owner: -
--

ALTER SEQUENCE public.seeker_educations_id_seq OWNED BY public.seeker_educations.id;


--
-- Name: seeker_profiles; Type: TABLE; Schema: public; Owner: -
--

CREATE TABLE public.seeker_profiles (
    id bigint NOT NULL,
    first_name character varying,
    last_name character varying,
    phone_no character varying,
    sex character varying,
    prefered_loc character varying,
    salary integer,
    dob character varying,
    nationality character varying,
    perm_address character varying,
    temp_address character varying,
    experience character varying,
    description character varying,
    location character varying,
    job_status boolean,
    certificate character varying,
    seeker_id bigint,
    created_at timestamp without time zone NOT NULL,
    updated_at timestamp without time zone NOT NULL,
    photo character varying,
    attachment character varying
);


--
-- Name: seeker_profiles_id_seq; Type: SEQUENCE; Schema: public; Owner: -
--

CREATE SEQUENCE public.seeker_profiles_id_seq
    START WITH 1
    INCREMENT BY 1
    NO MINVALUE
    NO MAXVALUE
    CACHE 1;


--
-- Name: seeker_profiles_id_seq; Type: SEQUENCE OWNED BY; Schema: public; Owner: -
--

ALTER SEQUENCE public.seeker_profiles_id_seq OWNED BY public.seeker_profiles.id;


--
-- Name: seeker_skills; Type: TABLE; Schema: public; Owner: -
--

CREATE TABLE public.seeker_skills (
    id bigint NOT NULL,
    skill_id bigint,
    seeker_profile_id bigint,
    created_at timestamp without time zone NOT NULL,
    updated_at timestamp without time zone NOT NULL
);


--
-- Name: seeker_skills_id_seq; Type: SEQUENCE; Schema: public; Owner: -
--

CREATE SEQUENCE public.seeker_skills_id_seq
    START WITH 1
    INCREMENT BY 1
    NO MINVALUE
    NO MAXVALUE
    CACHE 1;


--
-- Name: seeker_skills_id_seq; Type: SEQUENCE OWNED BY; Schema: public; Owner: -
--

ALTER SEQUENCE public.seeker_skills_id_seq OWNED BY public.seeker_skills.id;


--
-- Name: seekers; Type: TABLE; Schema: public; Owner: -
--

CREATE TABLE public.seekers (
    id bigint NOT NULL,
    email character varying DEFAULT ''::character varying NOT NULL,
    encrypted_password character varying DEFAULT ''::character varying NOT NULL,
    reset_password_token character varying,
    reset_password_sent_at timestamp without time zone,
    remember_created_at timestamp without time zone,
    sign_in_count integer DEFAULT 0 NOT NULL,
    current_sign_in_at timestamp without time zone,
    last_sign_in_at timestamp without time zone,
    current_sign_in_ip inet,
    last_sign_in_ip inet,
    created_at timestamp without time zone NOT NULL,
    updated_at timestamp without time zone NOT NULL,
    confirmation_token character varying,
    confirmed_at timestamp without time zone,
    confirmation_sent_at timestamp without time zone,
    unconfirmed_email character varying
);


--
-- Name: seekers_id_seq; Type: SEQUENCE; Schema: public; Owner: -
--

CREATE SEQUENCE public.seekers_id_seq
    START WITH 1
    INCREMENT BY 1
    NO MINVALUE
    NO MAXVALUE
    CACHE 1;


--
-- Name: seekers_id_seq; Type: SEQUENCE OWNED BY; Schema: public; Owner: -
--

ALTER SEQUENCE public.seekers_id_seq OWNED BY public.seekers.id;


--
-- Name: skills; Type: TABLE; Schema: public; Owner: -
--

CREATE TABLE public.skills (
    id bigint NOT NULL,
    name character varying,
    created_at timestamp without time zone NOT NULL,
    updated_at timestamp without time zone NOT NULL
);


--
-- Name: skills_id_seq; Type: SEQUENCE; Schema: public; Owner: -
--

CREATE SEQUENCE public.skills_id_seq
    START WITH 1
    INCREMENT BY 1
    NO MINVALUE
    NO MAXVALUE
    CACHE 1;


--
-- Name: skills_id_seq; Type: SEQUENCE OWNED BY; Schema: public; Owner: -
--

ALTER SEQUENCE public.skills_id_seq OWNED BY public.skills.id;


--
-- Name: taggings; Type: TABLE; Schema: public; Owner: -
--

CREATE TABLE public.taggings (
    id integer NOT NULL,
    tag_id integer,
    taggable_type character varying,
    taggable_id integer,
    tagger_type character varying,
    tagger_id integer,
    context character varying(128),
    created_at timestamp without time zone
);


--
-- Name: taggings_id_seq; Type: SEQUENCE; Schema: public; Owner: -
--

CREATE SEQUENCE public.taggings_id_seq
    START WITH 1
    INCREMENT BY 1
    NO MINVALUE
    NO MAXVALUE
    CACHE 1;


--
-- Name: taggings_id_seq; Type: SEQUENCE OWNED BY; Schema: public; Owner: -
--

ALTER SEQUENCE public.taggings_id_seq OWNED BY public.taggings.id;


--
-- Name: tags; Type: TABLE; Schema: public; Owner: -
--

CREATE TABLE public.tags (
    id integer NOT NULL,
    name character varying,
    taggings_count integer DEFAULT 0
);


--
-- Name: tags_id_seq; Type: SEQUENCE; Schema: public; Owner: -
--

CREATE SEQUENCE public.tags_id_seq
    START WITH 1
    INCREMENT BY 1
    NO MINVALUE
    NO MAXVALUE
    CACHE 1;


--
-- Name: tags_id_seq; Type: SEQUENCE OWNED BY; Schema: public; Owner: -
--

ALTER SEQUENCE public.tags_id_seq OWNED BY public.tags.id;


--
-- Name: id; Type: DEFAULT; Schema: public; Owner: -
--

ALTER TABLE ONLY public.apply_jobs ALTER COLUMN id SET DEFAULT nextval('public.apply_jobs_id_seq'::regclass);


--
-- Name: id; Type: DEFAULT; Schema: public; Owner: -
--

ALTER TABLE ONLY public.categories ALTER COLUMN id SET DEFAULT nextval('public.categories_id_seq'::regclass);


--
-- Name: id; Type: DEFAULT; Schema: public; Owner: -
--

ALTER TABLE ONLY public.educations ALTER COLUMN id SET DEFAULT nextval('public.educations_id_seq'::regclass);


--
-- Name: id; Type: DEFAULT; Schema: public; Owner: -
--

ALTER TABLE ONLY public.job_categories ALTER COLUMN id SET DEFAULT nextval('public.job_categories_id_seq'::regclass);


--
-- Name: id; Type: DEFAULT; Schema: public; Owner: -
--

ALTER TABLE ONLY public.job_educations ALTER COLUMN id SET DEFAULT nextval('public.job_educations_id_seq'::regclass);


--
-- Name: id; Type: DEFAULT; Schema: public; Owner: -
--

ALTER TABLE ONLY public.job_posts ALTER COLUMN id SET DEFAULT nextval('public.job_posts_id_seq'::regclass);


--
-- Name: id; Type: DEFAULT; Schema: public; Owner: -
--

ALTER TABLE ONLY public.job_skills ALTER COLUMN id SET DEFAULT nextval('public.job_skills_id_seq'::regclass);


--
-- Name: id; Type: DEFAULT; Schema: public; Owner: -
--

ALTER TABLE ONLY public.recuitor_profiles ALTER COLUMN id SET DEFAULT nextval('public.recuitor_profiles_id_seq'::regclass);


--
-- Name: id; Type: DEFAULT; Schema: public; Owner: -
--

ALTER TABLE ONLY public.recuitors ALTER COLUMN id SET DEFAULT nextval('public.recuitors_id_seq'::regclass);


--
-- Name: id; Type: DEFAULT; Schema: public; Owner: -
--

ALTER TABLE ONLY public.seeker_categories ALTER COLUMN id SET DEFAULT nextval('public.seeker_categories_id_seq'::regclass);


--
-- Name: id; Type: DEFAULT; Schema: public; Owner: -
--

ALTER TABLE ONLY public.seeker_educations ALTER COLUMN id SET DEFAULT nextval('public.seeker_educations_id_seq'::regclass);


--
-- Name: id; Type: DEFAULT; Schema: public; Owner: -
--

ALTER TABLE ONLY public.seeker_profiles ALTER COLUMN id SET DEFAULT nextval('public.seeker_profiles_id_seq'::regclass);


--
-- Name: id; Type: DEFAULT; Schema: public; Owner: -
--

ALTER TABLE ONLY public.seeker_skills ALTER COLUMN id SET DEFAULT nextval('public.seeker_skills_id_seq'::regclass);


--
-- Name: id; Type: DEFAULT; Schema: public; Owner: -
--

ALTER TABLE ONLY public.seekers ALTER COLUMN id SET DEFAULT nextval('public.seekers_id_seq'::regclass);


--
-- Name: id; Type: DEFAULT; Schema: public; Owner: -
--

ALTER TABLE ONLY public.skills ALTER COLUMN id SET DEFAULT nextval('public.skills_id_seq'::regclass);


--
-- Name: id; Type: DEFAULT; Schema: public; Owner: -
--

ALTER TABLE ONLY public.taggings ALTER COLUMN id SET DEFAULT nextval('public.taggings_id_seq'::regclass);


--
-- Name: id; Type: DEFAULT; Schema: public; Owner: -
--

ALTER TABLE ONLY public.tags ALTER COLUMN id SET DEFAULT nextval('public.tags_id_seq'::regclass);


--
-- Data for Name: apply_jobs; Type: TABLE DATA; Schema: public; Owner: -
--

COPY public.apply_jobs (id, job_post_id, seeker_id, created_at, updated_at) FROM stdin;
26	100	101	2018-09-03 15:49:53.732148	2018-09-03 15:49:53.732148
27	97	101	2018-09-03 15:50:00.74557	2018-09-03 15:50:00.74557
28	100	102	2018-09-04 04:40:08.402496	2018-09-04 04:40:08.402496
29	99	102	2018-09-04 04:40:10.770411	2018-09-04 04:40:10.770411
30	100	102	2018-09-04 04:40:25.642326	2018-09-04 04:40:25.642326
31	96	102	2018-09-04 04:46:39.479597	2018-09-04 04:46:39.479597
\.


--
-- Name: apply_jobs_id_seq; Type: SEQUENCE SET; Schema: public; Owner: -
--

SELECT pg_catalog.setval('public.apply_jobs_id_seq', 31, true);


--
-- Data for Name: ar_internal_metadata; Type: TABLE DATA; Schema: public; Owner: -
--

COPY public.ar_internal_metadata (key, value, created_at, updated_at) FROM stdin;
environment	development	2018-07-10 17:40:07.949359	2018-07-10 17:40:07.949359
\.


--
-- Data for Name: categories; Type: TABLE DATA; Schema: public; Owner: -
--

COPY public.categories (id, name, created_at, updated_at) FROM stdin;
1	IT & Telecommunication	2018-07-10 17:41:06.164193	2018-07-10 17:41:06.164193
2	Programmer	2018-07-10 17:41:06.181832	2018-07-10 17:41:06.181832
3	Software Engineer	2018-07-10 17:41:06.193121	2018-07-10 17:41:06.193121
4	Programmer	2018-07-10 17:41:06.203905	2018-07-10 17:41:06.203905
5	Chartered Accountancy	2018-07-10 17:41:06.215087	2018-07-10 17:41:06.215087
6	Graphic Designer	2018-07-10 17:41:06.22622	2018-07-10 17:41:06.22622
7	Administration	2018-07-10 17:41:06.237303	2018-07-10 17:41:06.237303
8	Banking	2018-07-10 17:41:06.248346	2018-07-10 17:41:06.248346
\.


--
-- Name: categories_id_seq; Type: SEQUENCE SET; Schema: public; Owner: -
--

SELECT pg_catalog.setval('public.categories_id_seq', 8, true);


--
-- Data for Name: educations; Type: TABLE DATA; Schema: public; Owner: -
--

COPY public.educations (id, "eduName", created_at, updated_at) FROM stdin;
1	SLC 	2018-07-10 17:41:06.019176	2018-07-10 17:41:06.019176
2	Intermediate	2018-07-10 17:41:06.104197	2018-07-10 17:41:06.104197
3	Diploma 	2018-07-10 17:41:06.116412	2018-07-10 17:41:06.116412
4	Bachelor	2018-07-10 17:41:06.126563	2018-07-10 17:41:06.126563
5	Master	2018-07-10 17:41:06.137436	2018-07-10 17:41:06.137436
6	Ph.D.	2018-07-10 17:41:06.148545	2018-07-10 17:41:06.148545
\.


--
-- Name: educations_id_seq; Type: SEQUENCE SET; Schema: public; Owner: -
--

SELECT pg_catalog.setval('public.educations_id_seq', 6, true);


--
-- Data for Name: job_categories; Type: TABLE DATA; Schema: public; Owner: -
--

COPY public.job_categories (id, category_id, job_post_id, created_at, updated_at) FROM stdin;
1	3	1	2018-07-10 17:48:01.507429	2018-07-10 17:48:01.507429
2	3	2	2018-07-10 17:48:01.587105	2018-07-10 17:48:01.587105
3	1	3	2018-07-10 17:48:01.620518	2018-07-10 17:48:01.620518
4	4	4	2018-07-10 17:48:01.653753	2018-07-10 17:48:01.653753
5	7	5	2018-07-10 17:48:01.687512	2018-07-10 17:48:01.687512
6	6	6	2018-07-10 17:48:01.719999	2018-07-10 17:48:01.719999
7	7	7	2018-07-10 17:48:01.753542	2018-07-10 17:48:01.753542
8	6	8	2018-07-10 17:48:01.786841	2018-07-10 17:48:01.786841
9	1	9	2018-07-10 17:48:01.819896	2018-07-10 17:48:01.819896
10	3	10	2018-07-10 17:48:01.853378	2018-07-10 17:48:01.853378
11	4	11	2018-07-10 17:48:01.887745	2018-07-10 17:48:01.887745
12	7	12	2018-07-10 17:48:01.920674	2018-07-10 17:48:01.920674
13	1	13	2018-07-10 17:48:01.953788	2018-07-10 17:48:01.953788
14	3	14	2018-07-10 17:48:01.98668	2018-07-10 17:48:01.98668
15	8	15	2018-07-10 17:48:02.019913	2018-07-10 17:48:02.019913
16	1	16	2018-07-10 17:48:02.053202	2018-07-10 17:48:02.053202
17	8	17	2018-07-10 17:48:02.087057	2018-07-10 17:48:02.087057
18	8	18	2018-07-10 17:48:02.119815	2018-07-10 17:48:02.119815
19	8	19	2018-07-10 17:48:02.15313	2018-07-10 17:48:02.15313
20	5	20	2018-07-10 17:48:02.186238	2018-07-10 17:48:02.186238
21	2	21	2018-07-10 17:48:02.21939	2018-07-10 17:48:02.21939
22	6	22	2018-07-10 17:48:02.264328	2018-07-10 17:48:02.264328
23	6	23	2018-07-10 17:48:02.296898	2018-07-10 17:48:02.296898
24	5	24	2018-07-10 17:48:02.330318	2018-07-10 17:48:02.330318
25	2	25	2018-07-10 17:48:02.363932	2018-07-10 17:48:02.363932
26	6	26	2018-07-10 17:48:02.397105	2018-07-10 17:48:02.397105
27	2	27	2018-07-10 17:48:02.430572	2018-07-10 17:48:02.430572
28	4	28	2018-07-10 17:48:02.463745	2018-07-10 17:48:02.463745
29	1	29	2018-07-10 17:48:02.497096	2018-07-10 17:48:02.497096
30	5	30	2018-07-10 17:48:02.653028	2018-07-10 17:48:02.653028
31	3	31	2018-07-10 17:48:02.685963	2018-07-10 17:48:02.685963
32	3	32	2018-07-10 17:48:02.719117	2018-07-10 17:48:02.719117
33	2	33	2018-07-10 17:48:02.752364	2018-07-10 17:48:02.752364
34	5	34	2018-07-10 17:48:02.785492	2018-07-10 17:48:02.785492
35	8	35	2018-07-10 17:48:02.818848	2018-07-10 17:48:02.818848
36	3	36	2018-07-10 17:48:02.852644	2018-07-10 17:48:02.852644
37	7	37	2018-07-10 17:48:02.885971	2018-07-10 17:48:02.885971
38	2	38	2018-07-10 17:48:02.91939	2018-07-10 17:48:02.91939
39	5	39	2018-07-10 17:48:02.951983	2018-07-10 17:48:02.951983
40	7	40	2018-07-10 17:48:02.985382	2018-07-10 17:48:02.985382
41	3	41	2018-07-10 17:48:03.018423	2018-07-10 17:48:03.018423
42	7	42	2018-07-10 17:48:03.052054	2018-07-10 17:48:03.052054
43	1	43	2018-07-10 17:48:03.085151	2018-07-10 17:48:03.085151
44	6	44	2018-07-10 17:48:03.118625	2018-07-10 17:48:03.118625
45	2	45	2018-07-10 17:48:03.151623	2018-07-10 17:48:03.151623
46	2	46	2018-07-10 17:48:03.185017	2018-07-10 17:48:03.185017
47	5	47	2018-07-10 17:48:03.218715	2018-07-10 17:48:03.218715
48	2	48	2018-07-10 17:48:03.262814	2018-07-10 17:48:03.262814
49	1	49	2018-07-10 17:48:03.296104	2018-07-10 17:48:03.296104
50	1	50	2018-07-10 17:48:03.329047	2018-07-10 17:48:03.329047
51	2	51	2018-07-10 17:48:03.362952	2018-07-10 17:48:03.362952
52	7	52	2018-07-10 17:48:03.396147	2018-07-10 17:48:03.396147
53	5	53	2018-07-10 17:48:03.429208	2018-07-10 17:48:03.429208
54	3	54	2018-07-10 17:48:03.465367	2018-07-10 17:48:03.465367
55	1	55	2018-07-10 17:48:03.50711	2018-07-10 17:48:03.50711
56	2	56	2018-07-10 17:48:03.541194	2018-07-10 17:48:03.541194
57	6	57	2018-07-10 17:48:03.574474	2018-07-10 17:48:03.574474
58	8	58	2018-07-10 17:48:03.618823	2018-07-10 17:48:03.618823
59	7	59	2018-07-10 17:48:03.752849	2018-07-10 17:48:03.752849
60	2	60	2018-07-10 17:48:03.784745	2018-07-10 17:48:03.784745
61	7	61	2018-07-10 17:48:03.817727	2018-07-10 17:48:03.817727
62	1	62	2018-07-10 17:48:03.851211	2018-07-10 17:48:03.851211
63	4	63	2018-07-10 17:48:03.884261	2018-07-10 17:48:03.884261
64	6	64	2018-07-10 17:48:03.929943	2018-07-10 17:48:03.929943
65	6	65	2018-07-10 17:48:03.961939	2018-07-10 17:48:03.961939
66	6	66	2018-07-10 17:48:03.99581	2018-07-10 17:48:03.99581
67	5	67	2018-07-10 17:48:04.029973	2018-07-10 17:48:04.029973
68	8	68	2018-07-10 17:48:04.061969	2018-07-10 17:48:04.061969
69	5	69	2018-07-10 17:48:04.095925	2018-07-10 17:48:04.095925
70	2	70	2018-07-10 17:48:04.128592	2018-07-10 17:48:04.128592
71	6	71	2018-07-10 17:48:04.16198	2018-07-10 17:48:04.16198
72	4	72	2018-07-10 17:48:04.195163	2018-07-10 17:48:04.195163
73	8	73	2018-07-10 17:48:04.228446	2018-07-10 17:48:04.228446
74	4	74	2018-07-10 17:48:04.261432	2018-07-10 17:48:04.261432
75	6	75	2018-07-10 17:48:04.29517	2018-07-10 17:48:04.29517
76	5	76	2018-07-10 17:48:04.328555	2018-07-10 17:48:04.328555
77	8	77	2018-07-10 17:48:04.362102	2018-07-10 17:48:04.362102
78	1	78	2018-07-10 17:48:04.395464	2018-07-10 17:48:04.395464
79	3	79	2018-07-10 17:48:04.42795	2018-07-10 17:48:04.42795
80	4	80	2018-07-10 17:48:04.46135	2018-07-10 17:48:04.46135
81	6	81	2018-07-10 17:48:04.494735	2018-07-10 17:48:04.494735
82	7	82	2018-07-10 17:48:04.528199	2018-07-10 17:48:04.528199
83	6	83	2018-07-10 17:48:04.561559	2018-07-10 17:48:04.561559
84	1	84	2018-07-10 17:48:04.594746	2018-07-10 17:48:04.594746
85	2	85	2018-07-10 17:48:04.628155	2018-07-10 17:48:04.628155
86	1	86	2018-07-10 17:48:04.661374	2018-07-10 17:48:04.661374
87	6	87	2018-07-10 17:48:04.695176	2018-07-10 17:48:04.695176
88	7	88	2018-07-10 17:48:04.728768	2018-07-10 17:48:04.728768
89	5	89	2018-07-10 17:48:04.850291	2018-07-10 17:48:04.850291
90	2	90	2018-07-10 17:48:04.882957	2018-07-10 17:48:04.882957
91	3	91	2018-07-10 17:48:04.916532	2018-07-10 17:48:04.916532
92	6	92	2018-07-10 17:48:04.949894	2018-07-10 17:48:04.949894
93	2	93	2018-07-10 17:48:04.983081	2018-07-10 17:48:04.983081
94	6	94	2018-07-10 17:48:05.016365	2018-07-10 17:48:05.016365
95	3	95	2018-07-10 17:48:05.050267	2018-07-10 17:48:05.050267
96	3	96	2018-07-10 17:48:05.083808	2018-07-10 17:48:05.083808
97	5	97	2018-07-10 17:48:05.118088	2018-07-10 17:48:05.118088
98	6	98	2018-07-10 17:48:05.160671	2018-07-10 17:48:05.160671
99	2	99	2018-07-10 17:48:05.193816	2018-07-10 17:48:05.193816
100	1	100	2018-07-10 17:48:05.227378	2018-07-10 17:48:05.227378
106	3	106	2018-09-04 08:14:33.776059	2018-09-04 08:14:33.776059
107	3	107	2018-09-04 08:14:50.316118	2018-09-04 08:14:50.316118
108	2	108	2018-09-04 08:15:37.928356	2018-09-04 08:15:37.928356
109	2	109	2018-09-04 08:16:23.890536	2018-09-04 08:16:23.890536
110	7	110	2018-09-04 08:18:18.019954	2018-09-04 08:18:18.019954
111	7	111	2018-09-04 08:35:52.522078	2018-09-04 08:35:52.522078
112	7	112	2018-09-04 08:36:10.030294	2018-09-04 08:36:10.030294
113	4	113	2018-09-04 08:38:27.918065	2018-09-04 08:38:27.918065
114	4	114	2018-09-04 08:57:37.335152	2018-09-04 08:57:37.335152
115	4	115	2018-09-04 09:03:36.247396	2018-09-04 09:03:36.247396
116	4	116	2018-09-04 09:03:55.982703	2018-09-04 09:03:55.982703
117	7	117	2018-09-04 09:08:48.896541	2018-09-04 09:08:48.896541
118	7	118	2018-09-04 09:17:45.78153	2018-09-04 09:17:45.78153
119	7	119	2018-09-04 10:16:42.1889	2018-09-04 10:16:42.1889
120	6	120	2018-09-04 10:18:01.904923	2018-09-04 10:18:01.904923
121	7	121	2018-09-04 10:20:43.219185	2018-09-04 10:20:43.219185
122	7	122	2018-09-04 10:35:06.212018	2018-09-04 10:35:06.212018
123	7	123	2018-09-04 10:35:14.847691	2018-09-04 10:35:14.847691
124	7	124	2018-09-04 10:59:16.247465	2018-09-04 10:59:16.247465
125	7	125	2018-09-04 11:05:40.432067	2018-09-04 11:05:40.432067
126	7	126	2018-09-04 11:06:16.418598	2018-09-04 11:06:16.418598
128	7	128	2018-09-04 11:37:26.920929	2018-09-04 11:37:26.920929
129	7	129	2018-09-04 11:38:11.602098	2018-09-04 11:38:11.602098
130	7	130	2018-09-04 11:41:06.649043	2018-09-04 11:41:06.649043
\.


--
-- Name: job_categories_id_seq; Type: SEQUENCE SET; Schema: public; Owner: -
--

SELECT pg_catalog.setval('public.job_categories_id_seq', 130, true);


--
-- Data for Name: job_educations; Type: TABLE DATA; Schema: public; Owner: -
--

COPY public.job_educations (id, education_id, job_post_id, created_at, updated_at) FROM stdin;
1	1	1	2018-07-10 17:48:01.568141	2018-07-10 17:48:01.568141
2	5	2	2018-07-10 17:48:01.609334	2018-07-10 17:48:01.609334
3	6	3	2018-07-10 17:48:01.643048	2018-07-10 17:48:01.643048
4	1	4	2018-07-10 17:48:01.676494	2018-07-10 17:48:01.676494
5	4	5	2018-07-10 17:48:01.709419	2018-07-10 17:48:01.709419
6	4	6	2018-07-10 17:48:01.742986	2018-07-10 17:48:01.742986
7	3	7	2018-07-10 17:48:01.775733	2018-07-10 17:48:01.775733
8	3	8	2018-07-10 17:48:01.808967	2018-07-10 17:48:01.808967
9	5	9	2018-07-10 17:48:01.842668	2018-07-10 17:48:01.842668
10	1	10	2018-07-10 17:48:01.875507	2018-07-10 17:48:01.875507
11	4	11	2018-07-10 17:48:01.90889	2018-07-10 17:48:01.90889
12	4	12	2018-07-10 17:48:01.942274	2018-07-10 17:48:01.942274
13	2	13	2018-07-10 17:48:01.975574	2018-07-10 17:48:01.975574
14	6	14	2018-07-10 17:48:02.008995	2018-07-10 17:48:02.008995
15	2	15	2018-07-10 17:48:02.042992	2018-07-10 17:48:02.042992
16	4	16	2018-07-10 17:48:02.075668	2018-07-10 17:48:02.075668
17	6	17	2018-07-10 17:48:02.109264	2018-07-10 17:48:02.109264
18	4	18	2018-07-10 17:48:02.142552	2018-07-10 17:48:02.142552
19	2	19	2018-07-10 17:48:02.175165	2018-07-10 17:48:02.175165
20	2	20	2018-07-10 17:48:02.208598	2018-07-10 17:48:02.208598
21	4	21	2018-07-10 17:48:02.252986	2018-07-10 17:48:02.252986
22	4	22	2018-07-10 17:48:02.288066	2018-07-10 17:48:02.288066
23	4	23	2018-07-10 17:48:02.320729	2018-07-10 17:48:02.320729
24	3	24	2018-07-10 17:48:02.352747	2018-07-10 17:48:02.352747
25	5	25	2018-07-10 17:48:02.386076	2018-07-10 17:48:02.386076
26	5	26	2018-07-10 17:48:02.41939	2018-07-10 17:48:02.41939
27	3	27	2018-07-10 17:48:02.452775	2018-07-10 17:48:02.452775
28	6	28	2018-07-10 17:48:02.48593	2018-07-10 17:48:02.48593
29	5	29	2018-07-10 17:48:02.641464	2018-07-10 17:48:02.641464
30	5	30	2018-07-10 17:48:02.674525	2018-07-10 17:48:02.674525
31	1	31	2018-07-10 17:48:02.707963	2018-07-10 17:48:02.707963
32	6	32	2018-07-10 17:48:02.741226	2018-07-10 17:48:02.741226
33	6	33	2018-07-10 17:48:02.774487	2018-07-10 17:48:02.774487
34	2	34	2018-07-10 17:48:02.807701	2018-07-10 17:48:02.807701
35	3	35	2018-07-10 17:48:02.841053	2018-07-10 17:48:02.841053
36	2	36	2018-07-10 17:48:02.874335	2018-07-10 17:48:02.874335
37	2	37	2018-07-10 17:48:02.907698	2018-07-10 17:48:02.907698
38	6	38	2018-07-10 17:48:02.940971	2018-07-10 17:48:02.940971
39	2	39	2018-07-10 17:48:02.974758	2018-07-10 17:48:02.974758
40	4	40	2018-07-10 17:48:03.008269	2018-07-10 17:48:03.008269
41	6	41	2018-07-10 17:48:03.041692	2018-07-10 17:48:03.041692
42	6	42	2018-07-10 17:48:03.074219	2018-07-10 17:48:03.074219
43	1	43	2018-07-10 17:48:03.107888	2018-07-10 17:48:03.107888
44	5	44	2018-07-10 17:48:03.140936	2018-07-10 17:48:03.140936
45	3	45	2018-07-10 17:48:03.174025	2018-07-10 17:48:03.174025
46	2	46	2018-07-10 17:48:03.207433	2018-07-10 17:48:03.207433
47	1	47	2018-07-10 17:48:03.252506	2018-07-10 17:48:03.252506
48	4	48	2018-07-10 17:48:03.285683	2018-07-10 17:48:03.285683
49	3	49	2018-07-10 17:48:03.318203	2018-07-10 17:48:03.318203
50	3	50	2018-07-10 17:48:03.351556	2018-07-10 17:48:03.351556
51	2	51	2018-07-10 17:48:03.384742	2018-07-10 17:48:03.384742
52	2	52	2018-07-10 17:48:03.418339	2018-07-10 17:48:03.418339
53	5	53	2018-07-10 17:48:03.451544	2018-07-10 17:48:03.451544
54	2	54	2018-07-10 17:48:03.496923	2018-07-10 17:48:03.496923
55	5	55	2018-07-10 17:48:03.530897	2018-07-10 17:48:03.530897
56	3	56	2018-07-10 17:48:03.563467	2018-07-10 17:48:03.563467
57	2	57	2018-07-10 17:48:03.607276	2018-07-10 17:48:03.607276
58	6	58	2018-07-10 17:48:03.640374	2018-07-10 17:48:03.640374
59	3	59	2018-07-10 17:48:03.77353	2018-07-10 17:48:03.77353
60	2	60	2018-07-10 17:48:03.807014	2018-07-10 17:48:03.807014
61	1	61	2018-07-10 17:48:03.84064	2018-07-10 17:48:03.84064
62	1	62	2018-07-10 17:48:03.874057	2018-07-10 17:48:03.874057
63	1	63	2018-07-10 17:48:03.908744	2018-07-10 17:48:03.908744
64	5	64	2018-07-10 17:48:03.950952	2018-07-10 17:48:03.950952
65	1	65	2018-07-10 17:48:03.984175	2018-07-10 17:48:03.984175
66	4	66	2018-07-10 17:48:04.01748	2018-07-10 17:48:04.01748
67	1	67	2018-07-10 17:48:04.050863	2018-07-10 17:48:04.050863
68	1	68	2018-07-10 17:48:04.084154	2018-07-10 17:48:04.084154
69	4	69	2018-07-10 17:48:04.118	2018-07-10 17:48:04.118
70	3	70	2018-07-10 17:48:04.151808	2018-07-10 17:48:04.151808
71	2	71	2018-07-10 17:48:04.184066	2018-07-10 17:48:04.184066
72	5	72	2018-07-10 17:48:04.217255	2018-07-10 17:48:04.217255
73	5	73	2018-07-10 17:48:04.250566	2018-07-10 17:48:04.250566
74	6	74	2018-07-10 17:48:04.284001	2018-07-10 17:48:04.284001
75	2	75	2018-07-10 17:48:04.317224	2018-07-10 17:48:04.317224
76	1	76	2018-07-10 17:48:04.350057	2018-07-10 17:48:04.350057
77	6	77	2018-07-10 17:48:04.383604	2018-07-10 17:48:04.383604
78	6	78	2018-07-10 17:48:04.416862	2018-07-10 17:48:04.416862
79	3	79	2018-07-10 17:48:04.450631	2018-07-10 17:48:04.450631
80	5	80	2018-07-10 17:48:04.485264	2018-07-10 17:48:04.485264
81	5	81	2018-07-10 17:48:04.517552	2018-07-10 17:48:04.517552
82	4	82	2018-07-10 17:48:04.550357	2018-07-10 17:48:04.550357
83	3	83	2018-07-10 17:48:04.583644	2018-07-10 17:48:04.583644
84	1	84	2018-07-10 17:48:04.616671	2018-07-10 17:48:04.616671
85	6	85	2018-07-10 17:48:04.65031	2018-07-10 17:48:04.65031
86	2	86	2018-07-10 17:48:04.683585	2018-07-10 17:48:04.683585
87	3	87	2018-07-10 17:48:04.716543	2018-07-10 17:48:04.716543
88	3	88	2018-07-10 17:48:04.838974	2018-07-10 17:48:04.838974
89	5	89	2018-07-10 17:48:04.872335	2018-07-10 17:48:04.872335
90	5	90	2018-07-10 17:48:04.905551	2018-07-10 17:48:04.905551
91	3	91	2018-07-10 17:48:04.939167	2018-07-10 17:48:04.939167
92	2	92	2018-07-10 17:48:04.971789	2018-07-10 17:48:04.971789
93	2	93	2018-07-10 17:48:05.005345	2018-07-10 17:48:05.005345
94	2	94	2018-07-10 17:48:05.038751	2018-07-10 17:48:05.038751
95	6	95	2018-07-10 17:48:05.071935	2018-07-10 17:48:05.071935
96	2	96	2018-07-10 17:48:05.105161	2018-07-10 17:48:05.105161
97	4	97	2018-07-10 17:48:05.149548	2018-07-10 17:48:05.149548
98	6	98	2018-07-10 17:48:05.182832	2018-07-10 17:48:05.182832
99	5	99	2018-07-10 17:48:05.216017	2018-07-10 17:48:05.216017
100	2	100	2018-07-10 17:48:05.249513	2018-07-10 17:48:05.249513
106	4	106	2018-09-04 08:14:33.773024	2018-09-04 08:14:33.773024
107	3	108	2018-09-04 08:15:37.923626	2018-09-04 08:15:37.923626
108	3	108	2018-09-04 08:15:37.925397	2018-09-04 08:15:37.925397
109	3	109	2018-09-04 08:16:23.866602	2018-09-04 08:16:23.866602
110	3	109	2018-09-04 08:16:23.888769	2018-09-04 08:16:23.888769
111	1	110	2018-09-04 08:18:18.017277	2018-09-04 08:18:18.017277
112	2	111	2018-09-04 08:35:52.507826	2018-09-04 08:35:52.507826
113	2	111	2018-09-04 08:35:52.519748	2018-09-04 08:35:52.519748
114	2	112	2018-09-04 08:36:10.026058	2018-09-04 08:36:10.026058
115	2	112	2018-09-04 08:36:10.027957	2018-09-04 08:36:10.027957
116	1	113	2018-09-04 08:38:27.913215	2018-09-04 08:38:27.913215
117	2	113	2018-09-04 08:38:27.915551	2018-09-04 08:38:27.915551
118	1	114	2018-09-04 08:57:37.330428	2018-09-04 08:57:37.330428
119	2	114	2018-09-04 08:57:37.332539	2018-09-04 08:57:37.332539
120	2	115	2018-09-04 09:03:36.22972	2018-09-04 09:03:36.22972
121	2	115	2018-09-04 09:03:36.245556	2018-09-04 09:03:36.245556
122	2	116	2018-09-04 09:03:55.947537	2018-09-04 09:03:55.947537
123	2	116	2018-09-04 09:03:55.949497	2018-09-04 09:03:55.949497
124	4	117	2018-09-04 09:08:48.872312	2018-09-04 09:08:48.872312
125	2	118	2018-09-04 09:17:45.765595	2018-09-04 09:17:45.765595
126	2	119	2018-09-04 10:16:42.185666	2018-09-04 10:16:42.185666
127	1	120	2018-09-04 10:18:01.902787	2018-09-04 10:18:01.902787
128	2	121	2018-09-04 10:20:43.21681	2018-09-04 10:20:43.21681
129	2	122	2018-09-04 10:35:06.209978	2018-09-04 10:35:06.209978
130	2	124	2018-09-04 10:59:16.245691	2018-09-04 10:59:16.245691
131	2	125	2018-09-04 11:05:40.411312	2018-09-04 11:05:40.411312
132	2	126	2018-09-04 11:06:16.34764	2018-09-04 11:06:16.34764
134	2	128	2018-09-04 11:37:26.91	2018-09-04 11:37:26.91
\.


--
-- Name: job_educations_id_seq; Type: SEQUENCE SET; Schema: public; Owner: -
--

SELECT pg_catalog.setval('public.job_educations_id_seq', 134, true);


--
-- Data for Name: job_posts; Type: TABLE DATA; Schema: public; Owner: -
--

COPY public.job_posts (id, job_title, no_of_vacancies, experience, description, department, deadline, job_type, recuitor_id, created_at, updated_at, location) FROM stdin;
1	Dynamic Assistant	1	4	Mollitia qui ut enim consequuntur magnam. Sint ea voluptas labore deleniti. Minima non quasi mollitia dignissimos itaque. Veritatis id consequatur praesentium recusandae et.	Marketing		Temporary	84	2018-07-10 17:41:03.646252	2018-07-10 17:41:03.646252	New Horacioton
2	Investor Analyst	4	5	Et eos praesentium voluptate esse adipisci nostrum. Molestias dignissimos eligendi atque dolorem aspernatur molestiae. Et consectetur libero iste deserunt. Aperiam et et in quis consectetur voluptatem.	Education		Commission	67	2018-07-10 17:41:03.677994	2018-07-10 17:41:03.677994	Websterborough
3	Mining Architect	1	4	Autem possimus ipsam quasi necessitatibus inventore et cupiditate. Laudantium aut dolores eos et omnis et. Dolor dolorem placeat repellat vitae. Perferendis exercitationem harum blanditiis quaerat tenetur porro mollitia.	Retail		Contract	65	2018-07-10 17:41:03.698563	2018-07-10 17:41:03.698563	Wymantown
4	Sales Coordinator	1	4	Voluptas omnis voluptatibus illum perspiciatis ipsum qui omnis. Et ut quos dicta iure tempora. Tempora officia reiciendis id. Laboriosam qui deserunt dolorum. Voluptas officiis veritatis.	Consulting		Full-time	44	2018-07-10 17:41:03.711433	2018-07-10 17:41:03.711433	Lake Baby
5	Advertising Developer	1	5	Et aperiam qui accusantium illum quos. Tempora iure quisquam. Expedita voluptatem rerum. Labore non ea.	Community-Services		Commission	58	2018-07-10 17:41:03.733081	2018-07-10 17:41:03.733081	Queenburgh
6	Customer Retail Officer	3	5	Dignissimos molestiae inventore ab amet aut nulla quia. Fugiat quis in et repellat id reprehenderit in. Tempora laudantium labore inventore quidem. Non officiis possimus ut assumenda libero eius. Accusamus dolor nihil libero hic voluptatem aut.	Marketing		Part-time	36	2018-07-10 17:41:03.756119	2018-07-10 17:41:03.756119	New Rahsaanview
7	National Banking Manager	4	4	Ipsam quia non qui tempore repellat dolores. Laudantium qui et. Eum nemo quasi est. Et sed dolor consequuntur excepturi voluptatem.	Healthcare		Commission	72	2018-07-10 17:41:03.778024	2018-07-10 17:41:03.778024	Raheemland
8	Legacy Mining Producer	3	4	Aut numquam est. Praesentium atque sed. Dolores nulla aliquam quis laborum et.	Construction		Temporary	79	2018-07-10 17:41:03.798496	2018-07-10 17:41:03.798496	Maxiefurt
9	Internal Strategist	1	1	Culpa at aut necessitatibus qui et. Et voluptatem ipsum reiciendis omnis vel. Est est sit est facilis recusandae. Mollitia non adipisci placeat modi dolorum perferendis. Eum laudantium et.	Construction		Full-time	16	2018-07-10 17:41:03.818171	2018-07-10 17:41:03.818171	Gutmannview
10	Education Developer	5	1	Dolorem ad consequuntur occaecati. Sit deleniti perspiciatis. Debitis quas explicabo quibusdam repellat.	Banking		Contract	87	2018-07-10 17:41:03.831751	2018-07-10 17:41:03.831751	West Esmeralda
11	Sales Officer	2	5	Id qui sit corrupti cum. Aliquid omnis qui sapiente. Molestias consequuntur hic et quos soluta. Officiis aperiam et non doloremque.	Marketing		Full-time	69	2018-07-10 17:41:03.844027	2018-07-10 17:41:03.844027	Ellaport
12	Marketing Administrator	3	5	Dignissimos delectus quia similique totam qui dolores. Voluptatem omnis doloremque sit doloribus laboriosam consectetur. Repudiandae voluptatem voluptates. Veritatis cum provident. Odit non architecto.	Consulting		Full-time	79	2018-07-10 17:41:03.855958	2018-07-10 17:41:03.855958	West Barneyland
13	Real-Estate Consultant	4	1	Aut sunt similique non atque excepturi magnam eaque. Vel dolorem dolor eaque ipsam qui molestias. Commodi minus quam quidem praesentium. Magnam quam soluta omnis molestiae aliquam.	Legal		Contract	23	2018-07-10 17:41:03.877353	2018-07-10 17:41:03.877353	Budfurt
14	Real-Estate Engineer	3	1	Nesciunt omnis ea id non et enim facere. Nesciunt omnis possimus ad eum. Reiciendis et qui est enim eligendi repellat et.	Marketing		Temporary	64	2018-07-10 17:41:03.88909	2018-07-10 17:41:03.88909	Schinnerport
15	Global Engineer	4	1	Quia itaque omnis. Ratione consequatur rerum voluptas tempore earum assumenda. Dolor alias dignissimos non veritatis praesentium.	Technology		Temporary	27	2018-07-10 17:41:03.910537	2018-07-10 17:41:03.910537	Lake Derrick
16	Regional Real-Estate Director	2	1	Voluptatem nulla dolores aperiam quo maiores provident repellendus. Unde magni veritatis omnis corporis. Harum debitis dolor. Ab recusandae quisquam ea omnis quia esse error.	Government		Internship	64	2018-07-10 17:41:03.921989	2018-07-10 17:41:03.921989	Ednaberg
17	Investor Design Engineer	4	3	Tempore voluptas officia est ratione consequuntur. Ut doloremque quo repudiandae cum nostrum perferendis est. Rerum sapiente numquam ut et rem beatae harum. Voluptatem ut sed inventore.	Farming		Internship	50	2018-07-10 17:41:03.944001	2018-07-10 17:41:03.944001	East Ephraim
18	Forward Real-Estate Executive	1	4	Similique velit voluptatem hic quae dignissimos. Officiis quisquam qui et ea voluptate praesentium. Ea et nostrum deleniti hic magni. Sit qui dicta.	Farming		Temporary	53	2018-07-10 17:41:03.965097	2018-07-10 17:41:03.965097	East Judson
19	Internal Specialist	3	2	Quibusdam et iste. Exercitationem dolore autem. Ut qui voluptatem ut. Architecto excepturi nulla minima qui. Expedita voluptatem officiis quas in consequatur.	Design		Commission	63	2018-07-10 17:41:03.978112	2018-07-10 17:41:03.978112	Port Tabitha
20	International Manufacturing Agent	3	2	Sit minima odit cum. Ut quia iure nostrum eos. Nostrum non magnam ipsa ab.	Construction		Temporary	48	2018-07-10 17:41:03.998531	2018-07-10 17:41:03.998531	Lake Jana
21	Customer Administration Planner	5	3	Nulla numquam dolor et ipsa qui. Sint aut eum voluptatibus neque. Consequatur molestias odio commodi ratione non totam.	Real-Estate		Temporary	38	2018-07-10 17:41:04.011398	2018-07-10 17:41:04.011398	Prosaccomouth
22	Product Designer	5	3	Qui molestiae omnis aut fuga. Sed qui quia. Autem alias ut voluptatem consectetur voluptatem rerum sunt.	Advertising		Internship	75	2018-07-10 17:41:04.031447	2018-07-10 17:41:04.031447	Mikelton
23	Advertising Facilitator	1	5	Adipisci ab neque aut velit. Porro et non dolore culpa quae eos. Iusto sint et hic. Porro illum enim expedita. Doloremque ratione est voluptatum iusto.	Retail		Temporary	89	2018-07-10 17:41:04.044546	2018-07-10 17:41:04.044546	South Rick
24	National Officer	1	3	Voluptatibus ad cumque ab et. Soluta eaque voluptate suscipit aperiam praesentium autem molestias. Quod fugit fugiat cum. Cupiditate molestiae aliquid sit molestiae qui excepturi. Et deserunt voluptas vero ea magnam esse expedita.	Banking		Contract	82	2018-07-10 17:41:04.066176	2018-07-10 17:41:04.066176	Friedaborough
25	Customer Strategist	2	1	Officiis quis optio asperiores. Ut et rem hic. Hic molestiae perspiciatis expedita. Velit molestiae molestias suscipit dolorem error et beatae.	Administration		Full-time	31	2018-07-10 17:41:04.087117	2018-07-10 17:41:04.087117	South Braden
26	Investor Marketing Developer	3	4	Qui voluptas est aspernatur voluptatem fugit porro et. Dicta aliquam suscipit consequuntur. Qui nesciunt modi.	Accounting		Part-time	50	2018-07-10 17:41:04.097861	2018-07-10 17:41:04.097861	South Joanne
27	Internal Technology Technician	4	5	Doloremque aut exercitationem est. Sed adipisci excepturi suscipit. Sed eum totam voluptatibus ullam cupiditate impedit. Et quo animi repellendus.	Manufacturing		Internship	72	2018-07-10 17:41:04.10916	2018-07-10 17:41:04.10916	Coryview
28	IT Engineer	3	3	Rerum aut et beatae pariatur. Ipsam modi quam quo. Porro ipsa laborum est et quaerat.	Advertising		Internship	63	2018-07-10 17:41:04.120577	2018-07-10 17:41:04.120577	East Ewellmouth
58	Consulting Coordinator	1	3	Voluptas omnis cum dignissimos numquam velit nemo et. Optio dolore eos hic nulla est id. Soluta facilis dolorem veritatis quisquam.	Design		Temporary	21	2018-07-10 17:41:04.453189	2018-07-10 17:41:04.453189	Port Devyn
29	Education Architect	2	4	Doloribus qui odit. Omnis a minus maxime. Quaerat nihil dolores id saepe repellendus nisi repellat. Adipisci sit ut quis ut perspiciatis.	Hospitality		Internship	64	2018-07-10 17:41:04.132317	2018-07-10 17:41:04.132317	West Xzavierfurt
30	Accounting Representative	2	5	Autem in fugiat quibusdam architecto provident nam minus. Ut earum dolor qui neque tenetur. Natus fuga ea cumque harum assumenda vel molestiae.	Banking		Commission	82	2018-07-10 17:41:04.143876	2018-07-10 17:41:04.143876	Kyleighport
31	Dynamic Farming Administrator	2	1	Nesciunt ab aut laborum eligendi. Provident quibusdam fugiat laboriosam facere. Ea porro pariatur et similique. Rem blanditiis sit nesciunt non. Sed autem consequatur totam tempore animi.	Administration		Full-time	55	2018-07-10 17:41:04.1537	2018-07-10 17:41:04.1537	Hettingerport
32	Internal Community-Services Administrator	3	2	Nihil velit dolorem deleniti repellat minima. Odio labore quidem temporibus enim corrupti minima ipsa. Esse sed magnam quam amet. Velit repellendus eveniet. Sint omnis et.	Government		Full-time	81	2018-07-10 17:41:04.164523	2018-07-10 17:41:04.164523	Kossview
33	Technology Representative	1	4	Eos sed voluptate voluptatem. Quam neque quaerat quis aspernatur officia consectetur amet. Sunt tenetur reprehenderit. Fugiat consequatur omnis. Assumenda et rerum doloribus soluta.	Manufacturing		Internship	58	2018-07-10 17:41:04.175845	2018-07-10 17:41:04.175845	Tianaborough
34	Internal Administration Technician	1	1	Autem et voluptas inventore minima ea omnis in. Nisi sed earum alias repellat. Velit omnis architecto enim. Molestiae in itaque autem velit ullam.	Marketing		Internship	1	2018-07-10 17:41:04.187185	2018-07-10 17:41:04.187185	Daxtown
35	Dynamic Advertising Producer	5	1	Necessitatibus culpa optio. Iure est aut sapiente corrupti labore sequi eum. Velit id quia consequatur reprehenderit.	Legal		Temporary	65	2018-07-10 17:41:04.198677	2018-07-10 17:41:04.198677	Mossiehaven
36	Marketing Supervisor	1	2	Aut autem eum. Molestiae ut molestias expedita dolorem id sed. Quaerat consequatur ad quo quod voluptas laudantium. Quas et et cupiditate non.	Farming		Contract	20	2018-07-10 17:41:04.209064	2018-07-10 17:41:04.209064	Ebertfort
37	Education Administrator	2	3	Quod doloribus dicta aut ea odit qui. Esse vel dicta voluptates voluptatem sed similique sit. Incidunt laborum et aperiam facere ea rerum repellat. Voluptates illum error qui.	IT		Contract	9	2018-07-10 17:41:04.220091	2018-07-10 17:41:04.220091	South Jarrettton
38	District Government Coordinator	3	2	Mollitia enim impedit aspernatur inventore odio officiis. Commodi doloremque iure ullam quia aut. Est voluptas ipsa voluptate sapiente libero fugit. Molestiae deserunt commodi.	Healthcare		Internship	54	2018-07-10 17:41:04.231181	2018-07-10 17:41:04.231181	Lefflerberg
39	Regional Design Orchestrator	3	1	Rerum dolores quia nihil. Molestiae cum quis. Tenetur dolorum quia libero sunt.	Mining		Contract	9	2018-07-10 17:41:04.242054	2018-07-10 17:41:04.242054	Lake Samantabury
40	Customer Marketing Agent	4	1	Quam ipsam esse repellendus ut quia ea. Aspernatur voluptatum quia. Ea aliquid quo.	IT		Temporary	11	2018-07-10 17:41:04.253419	2018-07-10 17:41:04.253419	New Domenichaven
41	Central Construction Planner	2	5	Sit eius et sed aspernatur ut. Dolore libero nulla. Facilis neque iure. Voluptas est vel.	Marketing		Full-time	56	2018-07-10 17:41:04.264492	2018-07-10 17:41:04.264492	Greenland
42	Lead Agent	5	5	Et maxime est fuga eligendi. Necessitatibus corrupti rem. Labore ex aut in qui quidem. Incidunt nesciunt aut id itaque aut esse et.	Education		Full-time	6	2018-07-10 17:41:04.276852	2018-07-10 17:41:04.276852	Opalstad
43	Government Developer	4	3	Et illo ipsum dolor quis a et. Iure accusamus voluptatibus velit saepe aut vero. Iusto itaque et ullam.	Retail		Contract	71	2018-07-10 17:41:04.28649	2018-07-10 17:41:04.28649	Albertfurt
44	National Advertising Assistant	2	3	Delectus eaque expedita. Dolorum reiciendis cumque doloribus eaque. Rerum nulla tempora nesciunt atque quia.	Technology		Part-time	82	2018-07-10 17:41:04.298745	2018-07-10 17:41:04.298745	South Mavischester
45	District Construction Manager	1	4	Distinctio ducimus qui et aut. Amet vitae culpa enim et sit. Reprehenderit et quia voluptatum. Mollitia assumenda eos.	Mining		Commission	70	2018-07-10 17:41:04.308701	2018-07-10 17:41:04.308701	Vernontown
46	Construction Planner	1	4	Veritatis numquam itaque sequi quas aliquid. Pariatur esse reiciendis voluptate dolorum voluptas. Ratione sit nulla consectetur.	Consulting		Internship	38	2018-07-10 17:41:04.32004	2018-07-10 17:41:04.32004	Jacobibury
47	Farming Facilitator	5	4	Sed quaerat vero distinctio fugiat dolores voluptatibus. Quisquam sunt voluptatum libero quis nihil culpa sint. Dolores doloremque et hic ea vero nulla rem. Quis aliquam dolorum laborum et amet.	Advertising		Part-time	88	2018-07-10 17:41:04.330997	2018-07-10 17:41:04.330997	Emmerichmouth
48	Administration Associate	4	2	Laborum quia ut officiis inventore dolore est. Aut esse voluptate consequatur quidem voluptatibus sint ut. A sunt deleniti ad ullam. Saepe quis nihil vero rerum.	Construction		Part-time	61	2018-07-10 17:41:04.343243	2018-07-10 17:41:04.343243	East Viviennemouth
49	Retail Manager	5	3	Quos molestiae consequuntur vitae incidunt rem eum sed. Fugit quibusdam officiis similique dolores ut ratione omnis. Deserunt et veniam qui qui ea accusantium sed. Quisquam assumenda repellat aut nulla.	Real-Estate		Full-time	21	2018-07-10 17:41:04.353498	2018-07-10 17:41:04.353498	Port Lelahmouth
50	Farming Technician	3	4	Est ut ut praesentium reiciendis quia excepturi in. Repellendus qui qui voluptatum ex a. Qui reiciendis et excepturi. Consectetur a et veniam repellendus nostrum voluptas dolores. Eum impedit eos laudantium natus qui nostrum facere.	IT		Temporary	26	2018-07-10 17:41:04.364469	2018-07-10 17:41:04.364469	North Maggieville
51	Internal Associate	3	3	Quia quia ducimus minus rerum omnis. Ducimus temporibus laborum veritatis recusandae. Vero velit qui ut eligendi rerum suscipit. Velit nam fuga ex sit minus sit et.	Design		Commission	80	2018-07-10 17:41:04.375494	2018-07-10 17:41:04.375494	West Dena
52	Central Construction Planner	3	2	Sint perspiciatis quasi. Dignissimos quo sed totam eum. Ut laborum omnis.	Marketing		Internship	29	2018-07-10 17:41:04.386724	2018-07-10 17:41:04.386724	Pagacton
53	Investor Legal Coordinator	2	1	Natus et quas. Qui quis enim natus quos officiis et beatae. Est et explicabo voluptatem praesentium modi. Recusandae perspiciatis deserunt qui.	Real-Estate		Internship	19	2018-07-10 17:41:04.397595	2018-07-10 17:41:04.397595	Colbymouth
54	Chief Mining Assistant	5	5	Voluptas aut et recusandae possimus quisquam odit. Quidem vel enim perferendis. Doloremque reiciendis et.	Community-Services		Full-time	7	2018-07-10 17:41:04.40866	2018-07-10 17:41:04.40866	New Alyssonburgh
55	District Manager	3	5	Repellat eaque earum. Et quidem quod ex veritatis similique culpa. Consectetur dolores laboriosam voluptas ab molestiae. Nam non velit quae ea debitis accusantium fugit.	Community-Services		Commission	66	2018-07-10 17:41:04.419998	2018-07-10 17:41:04.419998	East Jackyshire
56	Education Director	3	2	Nemo at nesciunt iure. Voluptatibus expedita aut deserunt quia. Consequatur quibusdam aut dolor. Ut et ut eos exercitationem animi ad sequi. Nostrum consequatur consequatur nemo alias quis aut corrupti.	IT		Temporary	4	2018-07-10 17:41:04.430948	2018-07-10 17:41:04.430948	Imafurt
57	Community-Services Engineer	5	5	Enim tempore quisquam dolore atque rerum ipsam. Repellendus culpa aspernatur dignissimos ea iure. Sit dolores quo quis accusantium aut. Sit voluptatem sint ut neque et ut.	Marketing		Contract	12	2018-07-10 17:41:04.441763	2018-07-10 17:41:04.441763	Graycehaven
59	Regional Community-Services Producer	1	3	Dicta esse id libero tempora enim omnis odit. Est rem aut iure autem. Et ducimus voluptatem nostrum nemo quibusdam. Sit voluptas possimus facere repudiandae omnis. Dolorem non explicabo voluptatem accusantium.	Government		Temporary	9	2018-07-10 17:41:04.464636	2018-07-10 17:41:04.464636	South Marquis
60	Forward Accounting Analyst	5	1	Et qui reiciendis deserunt commodi qui accusantium. Ipsum velit laborum sed modi dolorum. Id est vero.	Farming		Commission	54	2018-07-10 17:41:04.475343	2018-07-10 17:41:04.475343	South Bartholome
61	IT Planner	5	4	Voluptates vel et consequatur beatae. Unde nisi provident veritatis omnis libero sint ab. Blanditiis quod exercitationem est suscipit nihil non.	Farming		Temporary	39	2018-07-10 17:41:04.486984	2018-07-10 17:41:04.486984	Hendersontown
62	District Supervisor	2	1	Deleniti doloremque mollitia eos voluptas dolores. Commodi ut error atque quia nam nulla recusandae. Libero maxime aut sed hic nihil dolores. Nulla reprehenderit qui tempora culpa sed architecto.	Manufacturing		Temporary	79	2018-07-10 17:41:04.497391	2018-07-10 17:41:04.497391	Starkfort
63	Manufacturing Liaison	4	2	Inventore blanditiis quaerat labore et sequi beatae minus. Earum rerum voluptatum architecto asperiores nobis et quia. Et aliquid quis soluta dolorem. Quibusdam est ut numquam ea distinctio.	Sales		Full-time	67	2018-07-10 17:41:04.508527	2018-07-10 17:41:04.508527	Lake Daynaburgh
64	Forward Planner	3	1	Aut quia quo maxime et. Provident iusto est odit. Corporis error consequatur repellat et non id suscipit. Aut expedita aliquam quia.	Marketing		Contract	47	2018-07-10 17:41:04.519744	2018-07-10 17:41:04.519744	New Humbertoland
65	Central Technician	1	5	Qui iusto fugiat occaecati recusandae. Saepe est et earum voluptatem voluptas. Mollitia sunt delectus quae aliquam odit optio quasi. Enim et ipsam maiores quisquam aspernatur. Quaerat possimus sapiente quis debitis reprehenderit.	Administration		Commission	9	2018-07-10 17:41:04.530822	2018-07-10 17:41:04.530822	Gunnarberg
66	Lead Executive	5	5	Perspiciatis unde eveniet deleniti qui magnam. Aut iusto odit. Alias voluptas ut deserunt architecto magni. Omnis aspernatur autem eum ut sint non eos. Modi porro expedita aliquid sed corporis vel voluptas.	Retail		Commission	26	2018-07-10 17:41:04.542245	2018-07-10 17:41:04.542245	West Zoey
67	National Community-Services Facilitator	5	5	Dolor omnis consequuntur ea aut maxime deleniti cumque. Exercitationem corrupti tempora officiis autem. Mollitia et sit et recusandae reprehenderit in.	Farming		Full-time	2	2018-07-10 17:41:04.553085	2018-07-10 17:41:04.553085	New Gretchen
68	National Producer	5	5	Sit ut id rem blanditiis nam molestiae expedita. Ipsum dolorem exercitationem ut laborum a eos est. Dolorum omnis molestiae quidem aut qui. Voluptatem dolorum laudantium sit libero quam rerum.	Marketing		Contract	88	2018-07-10 17:41:04.564046	2018-07-10 17:41:04.564046	Santafurt
69	Global Hospitality Administrator	3	5	Itaque fugit magni. Error quia adipisci molestiae aut commodi. Nobis corrupti harum voluptates quam consequatur.	Marketing		Contract	89	2018-07-10 17:41:04.576865	2018-07-10 17:41:04.576865	Hegmanntown
70	Senior Supervisor	5	1	Aut porro repellendus. Nihil ullam beatae quisquam. In et quos voluptatem et fuga repudiandae sit. Perspiciatis nostrum et voluptate mollitia facere quis. Alias ea ab in necessitatibus.	Sales		Contract	26	2018-07-10 17:41:04.59739	2018-07-10 17:41:04.59739	South Ines
71	Legal Specialist	5	3	Et voluptate eum. Minima ut repellendus. Animi aut sunt recusandae. Velit perspiciatis voluptatem esse et et. Magni aut fugiat beatae accusamus temporibus exercitationem.	Construction		Commission	69	2018-07-10 17:41:04.60846	2018-07-10 17:41:04.60846	East Stephenville
72	Real-Estate Executive	3	5	Iste reiciendis magni numquam. Quas facilis praesentium sit. Fugit ex autem laudantium sed veniam. Saepe fugit quo aspernatur iste vel omnis. Quos qui dolores sunt a id asperiores at.	Advertising		Commission	70	2018-07-10 17:41:04.619752	2018-07-10 17:41:04.619752	Evietown
73	Advertising Consultant	1	3	Aut eum hic voluptatum commodi illo quia. Quod deleniti qui voluptatem sequi et nihil. Laboriosam est recusandae iste iure voluptatum magnam. Ipsam accusamus aut repellendus sed praesentium placeat. Nam cum alias assumenda modi non mollitia est.	Sales		Commission	53	2018-07-10 17:41:04.63074	2018-07-10 17:41:04.63074	Lake Trevaberg
74	Accounting Agent	1	2	Quia temporibus omnis ut consequatur eos voluptas consequatur. Cumque harum quo et qui dicta. Rerum rem eos qui sed beatae illum voluptatem.	Advertising		Temporary	7	2018-07-10 17:41:04.643417	2018-07-10 17:41:04.643417	Port Kaylie
75	Legal Executive	3	1	Modi et quo ut. Qui eveniet quia nihil quibusdam consequatur. Aut nulla debitis rerum quis porro. Ullam eum reprehenderit sint et sunt quos.	Marketing		Internship	17	2018-07-10 17:41:04.652996	2018-07-10 17:41:04.652996	Farrellshire
76	Accounting Technician	2	4	Qui quae temporibus quasi placeat. Voluptatem eum voluptatibus ut quod voluptas. Cum nesciunt odit. Perferendis ut est sapiente ut dignissimos.	Sales		Internship	16	2018-07-10 17:41:04.764551	2018-07-10 17:41:04.764551	Rickymouth
77	Healthcare Agent	1	1	Blanditiis earum nesciunt. Nihil est repellendus sunt. Amet et necessitatibus eligendi.	Manufacturing		Full-time	37	2018-07-10 17:41:04.774805	2018-07-10 17:41:04.774805	Lottiestad
78	Real-Estate Administrator	3	3	Aperiam amet sit consectetur fugit esse. Provident mollitia dicta quia voluptatem occaecati molestiae. Magni ex quis facere. Dolorum officia sunt tempora.	Government		Temporary	1	2018-07-10 17:41:04.786082	2018-07-10 17:41:04.786082	Jakubowskihaven
79	Administration Associate	4	3	Enim dolor quidem et facilis amet nostrum odit. Accusantium dolores qui dolores quisquam. Fuga error doloremque. Cumque ea sed optio repellat excepturi. Enim et corporis.	Legal		Contract	64	2018-07-10 17:41:04.797423	2018-07-10 17:41:04.797423	Lake Janellefort
80	District Advertising Coordinator	5	4	Ullam dolorem voluptate. Ab reprehenderit pariatur ullam et quisquam dolorum itaque. Animi necessitatibus veniam ducimus. Ipsum ea dolor ex vel.	Education		Internship	9	2018-07-10 17:41:04.808078	2018-07-10 17:41:04.808078	Yundthaven
81	Legal Engineer	1	1	Corporis corrupti ut alias debitis dignissimos id. Eius repellendus doloremque aspernatur et officiis eveniet consequatur. Accusamus pariatur aliquam. Non velit maiores nobis iusto sit distinctio.	Hospitality		Commission	44	2018-07-10 17:41:04.819284	2018-07-10 17:41:04.819284	Port Kimberly
82	Product Marketing Consultant	1	2	Amet totam eum expedita sit cum et. Exercitationem id ut sunt officia. Architecto commodi consequuntur accusantium.	Design		Full-time	65	2018-07-10 17:41:04.830296	2018-07-10 17:41:04.830296	East Mikaylaville
83	Technology Engineer	2	4	Culpa voluptas unde sit officiis accusamus cumque. Aliquam adipisci laborum asperiores. Aut ratione incidunt totam et qui. Enim voluptatem assumenda.	Retail		Commission	72	2018-07-10 17:41:04.84148	2018-07-10 17:41:04.84148	Mayerside
84	Legal Planner	1	2	Expedita vel voluptates eaque. Nobis est aut quas. Hic est dolores dignissimos. Numquam aut error. Debitis voluptatem adipisci sint sapiente et ea.	IT		Contract	20	2018-07-10 17:41:04.8531	2018-07-10 17:41:04.8531	Kutchport
85	Chief Construction Supervisor	3	5	Earum qui soluta suscipit sed voluptatum rerum consectetur. Tempore officiis quia numquam et placeat ut. Nam sunt error. Rem earum consequatur accusantium excepturi.	Design		Full-time	47	2018-07-10 17:41:04.864174	2018-07-10 17:41:04.864174	West Kane
86	Farming Assistant	4	3	Architecto mollitia sint amet. Dolores fugiat ut blanditiis rem sed. Et aut rem enim voluptatibus. Molestiae minus eius quod. Doloribus velit quibusdam ut maiores laudantium.	Sales		Temporary	7	2018-07-10 17:41:04.874828	2018-07-10 17:41:04.874828	New Kobyton
87	Product Assistant	2	3	Vel qui minus asperiores aperiam enim minima. Fuga et et qui. Aspernatur pariatur distinctio vel aut iure exercitationem officia. Minus omnis adipisci. Asperiores qui minus dolor velit.	Advertising		Contract	27	2018-07-10 17:41:04.886051	2018-07-10 17:41:04.886051	Nedhaven
88	Retail Engineer	2	1	Provident qui quidem. Enim tempora eos. Qui eius ut atque. Sit voluptatibus dolorem ea nisi.	Education		Internship	70	2018-07-10 17:41:04.897089	2018-07-10 17:41:04.897089	West Camrynport
89	Hospitality Manager	5	5	Itaque sit nulla. Error animi quasi porro enim blanditiis a ad. Fuga sit fugiat. Ea qui cupiditate.	Retail		Temporary	34	2018-07-10 17:41:04.908012	2018-07-10 17:41:04.908012	Bechtelarmouth
90	Consulting Technician	4	5	Occaecati velit non vel aut. Ea cupiditate veniam consequatur sit ut. Autem placeat ipsum. Tempora earum autem pariatur ipsa et. Omnis aut necessitatibus rerum sunt dolore cumque ut.	Accounting		Commission	63	2018-07-10 17:41:04.919365	2018-07-10 17:41:04.919365	Koeppland
91	Internal Accounting Officer	2	4	Dolorem et facilis dignissimos consequuntur eius ut. Ea deleniti quibusdam velit nam consequatur. Et accusantium harum eligendi voluptatem. Nobis quod sit. Mollitia odit illo sequi.	Construction		Internship	4	2018-07-10 17:41:04.930383	2018-07-10 17:41:04.930383	South Waino
92	IT Administrator	4	4	Consequatur dolor molestiae aut asperiores ut dolorem quia. Culpa porro asperiores voluptatibus. Placeat exercitationem minima et velit tempore. Laborum iure beatae vero. Quia vel iste optio.	Manufacturing		Internship	33	2018-07-10 17:41:04.943049	2018-07-10 17:41:04.943049	North Roselyn
93	Senior Architect	1	1	Autem dolorem pariatur voluptatem cum quis quia. Et et consequatur debitis. Adipisci molestiae et quos numquam et ea laboriosam. Non consequatur blanditiis harum non cumque debitis voluptas.	Technology		Full-time	50	2018-07-10 17:41:04.952385	2018-07-10 17:41:04.952385	East Roxanne
94	Regional Consulting Designer	1	4	Doloremque sed officia beatae molestiae est. In quia accusamus tempora autem illum. Magni et et iste. Nisi aliquid a voluptas maiores quia.	Accounting		Internship	63	2018-07-10 17:41:04.963524	2018-07-10 17:41:04.963524	Lenoreview
95	Marketing Assistant	2	5	Quibusdam eum occaecati sed provident laborum ea consectetur. Omnis et et alias deserunt architecto earum. Magnam ipsam culpa et atque aspernatur. Sed ullam dolore et harum voluptatem.	Hospitality		Internship	78	2018-07-10 17:41:04.97469	2018-07-10 17:41:04.97469	North Dolly
96	International Orchestrator	4	5	Nesciunt itaque repudiandae et pariatur et aut. Fugit consequatur id. Eum voluptatem quidem. Soluta quis vel accusantium nesciunt enim enim. Quisquam aliquam voluptatem.	Manufacturing		Part-time	14	2018-07-10 17:41:04.985963	2018-07-10 17:41:04.985963	East Demarcusland
97	Education Executive	4	1	Officiis enim nesciunt et vero autem ut. Omnis sed sit sint laborum et tempore architecto. Non repellendus quaerat rerum in distinctio. Doloribus error et.	Accounting		Temporary	69	2018-07-10 17:41:04.996944	2018-07-10 17:41:04.996944	North Felicitamouth
98	Banking Officer	1	2	Illo nostrum aperiam qui impedit dolorem. Repudiandae ab maxime. Voluptas iusto vel saepe. Non eius consectetur est. Iusto autem veniam ut pariatur dolorum.	Accounting		Contract	27	2018-07-10 17:41:05.010019	2018-07-10 17:41:05.010019	Ferryshire
99	Customer Director	4	4	Illum qui aut aliquam. Sed quia dolor temporibus ratione. Officiis nulla modi qui sapiente.	Technology		Contract	6	2018-07-10 17:41:05.030151	2018-07-10 17:41:05.030151	Luettgenbury
100	Product Real-Estate Producer	2	1	Ut architecto voluptatem. Ea qui quisquam quia voluptas odit. Qui voluptates aut occaecati.	Advertising		Commission	46	2018-07-10 17:41:05.041298	2018-07-10 17:41:05.041298	South Mertie
106	fasd	4	1	<p>dsd</p>\r\n	\N	12/10/2018	full-time	91	2018-09-04 08:14:33.770386	2018-09-04 08:14:33.770386	\N
107	fasd	4	1	<p>dsd</p>\r\n	\N	12/10/2018	full-time	91	2018-09-04 08:14:50.313366	2018-09-04 08:14:50.313366	\N
108	programmer	4	1	<p>dsfa</p>\r\n	\N	12/10/2018	full-time	91	2018-09-04 08:15:37.921656	2018-09-04 08:15:37.921656	\N
109	programmer	4	1	<p>dsfa</p>\r\n	\N	12/10/2018	full-time	91	2018-09-04 08:16:23.863102	2018-09-04 08:16:23.863102	\N
110	programmer	4	1	<p>fasd</p>\r\n	\N	12/10/2018	full-time	91	2018-09-04 08:18:18.014243	2018-09-04 08:18:18.014243	\N
111	programmer	4	1	<p>fasdfasd</p>\r\n	\N	12/10/2018	full-time	91	2018-09-04 08:35:52.505607	2018-09-04 08:35:52.505607	\N
112	programmer	4	1	<p>fasdfasd</p>\r\n	\N	12/10/2018	full-time	91	2018-09-04 08:36:10.023473	2018-09-04 08:36:10.023473	\N
113	programmer	4	1	<p>dfsa</p>\r\n	\N	12/10/2018	full-time	91	2018-09-04 08:38:27.910903	2018-09-04 08:38:27.910903	\N
114	programmer	4	1	<p>dfsa</p>\r\n	\N	12/10/2018	full-time	91	2018-09-04 08:57:37.303841	2018-09-04 08:57:37.303841	\N
115	programmer	4	1	<p>dfsa</p>\r\n	\N	12/10/2018	full-time	91	2018-09-04 09:03:36.225689	2018-09-04 09:03:36.225689	\N
116	programmer	4	1	<p>dfsa</p>\r\n	\N	12/10/2018	full-time	91	2018-09-04 09:03:55.938033	2018-09-04 09:03:55.938033	\N
117	full time job vaccency	12	3	<p>fasdf</p>\r\n	\N	12/10/2018	full-time	91	2018-09-04 09:08:48.869909	2018-09-04 09:08:48.869909	\N
118	programmer	4	1	<p>fds</p>\r\n	\N	12/10/2018	full-time	91	2018-09-04 09:17:45.762369	2018-09-04 09:17:45.762369	\N
119	new job post	8	4	<p>sdf&nbsp;</p>\r\n	\N	12/10/2018	full-time	91	2018-09-04 10:16:42.162662	2018-09-04 10:16:42.162662	\N
120	programmer	4	1	<p>dq</p>\r\n	\N	12/10/2018	full-time	91	2018-09-04 10:18:01.899329	2018-09-04 10:18:01.899329	\N
121	fas	3	2	<p>&nbsp;safdafa</p>\r\n	\N	12/10/2018	e1eq	91	2018-09-04 10:20:43.213045	2018-09-04 10:20:43.213045	\N
122	programmer	4			\N	12/10/2018		91	2018-09-04 10:35:06.166396	2018-09-04 10:35:06.166396	\N
123	programmer	4		<p>asdf&nbsp;</p>\r\n	\N	12/10/2018	full-time	91	2018-09-04 10:35:14.84492	2018-09-04 10:35:14.84492	\N
124	programmer	4	1	<p>dasf&nbsp;</p>\r\n	\N	12/10/2018	full-time	91	2018-09-04 10:59:16.243494	2018-09-04 10:59:16.243494	\N
125	programmer	4	1	<p>dasf&nbsp;</p>\r\n	\N	12/10/2018	full-time	91	2018-09-04 11:05:40.40886	2018-09-04 11:05:40.40886	\N
126	programmer	4	1	<p>asdf asdf a</p>\r\n	\N	12/10/2018	full-time	91	2018-09-04 11:06:16.325442	2018-09-04 11:06:16.325442	\N
128	programmer	4	1		\N	12/10/2018		91	2018-09-04 11:37:26.857369	2018-09-04 11:37:26.857369	\N
129	programmer	4	1		\N	12/10/2018		91	2018-09-04 11:38:11.599484	2018-09-04 11:38:11.599484	\N
130	programmer	4	1		\N	12/10/2018		91	2018-09-04 11:41:06.646432	2018-09-04 11:41:06.646432	\N
\.


--
-- Name: job_posts_id_seq; Type: SEQUENCE SET; Schema: public; Owner: -
--

SELECT pg_catalog.setval('public.job_posts_id_seq', 130, true);


--
-- Data for Name: job_skills; Type: TABLE DATA; Schema: public; Owner: -
--

COPY public.job_skills (id, skill_id, job_post_id, created_at, updated_at) FROM stdin;
1	15	1	2018-07-10 17:48:01.540444	2018-07-10 17:48:01.540444
2	19	2	2018-07-10 17:48:01.598202	2018-07-10 17:48:01.598202
3	9	3	2018-07-10 17:48:01.631484	2018-07-10 17:48:01.631484
4	18	4	2018-07-10 17:48:01.664705	2018-07-10 17:48:01.664705
5	4	5	2018-07-10 17:48:01.69803	2018-07-10 17:48:01.69803
6	2	6	2018-07-10 17:48:01.73133	2018-07-10 17:48:01.73133
7	8	7	2018-07-10 17:48:01.764832	2018-07-10 17:48:01.764832
8	6	8	2018-07-10 17:48:01.798421	2018-07-10 17:48:01.798421
9	1	9	2018-07-10 17:48:01.83173	2018-07-10 17:48:01.83173
10	14	10	2018-07-10 17:48:01.864924	2018-07-10 17:48:01.864924
11	3	11	2018-07-10 17:48:01.897775	2018-07-10 17:48:01.897775
12	18	12	2018-07-10 17:48:01.931246	2018-07-10 17:48:01.931246
13	19	13	2018-07-10 17:48:01.96458	2018-07-10 17:48:01.96458
14	18	14	2018-07-10 17:48:01.997692	2018-07-10 17:48:01.997692
15	20	15	2018-07-10 17:48:02.030989	2018-07-10 17:48:02.030989
16	3	16	2018-07-10 17:48:02.064194	2018-07-10 17:48:02.064194
17	12	17	2018-07-10 17:48:02.097667	2018-07-10 17:48:02.097667
18	13	18	2018-07-10 17:48:02.131171	2018-07-10 17:48:02.131171
19	5	19	2018-07-10 17:48:02.165203	2018-07-10 17:48:02.165203
20	11	20	2018-07-10 17:48:02.198328	2018-07-10 17:48:02.198328
21	1	21	2018-07-10 17:48:02.230752	2018-07-10 17:48:02.230752
22	18	22	2018-07-10 17:48:02.275333	2018-07-10 17:48:02.275333
23	3	23	2018-07-10 17:48:02.308285	2018-07-10 17:48:02.308285
24	5	24	2018-07-10 17:48:02.341562	2018-07-10 17:48:02.341562
25	6	25	2018-07-10 17:48:02.37489	2018-07-10 17:48:02.37489
26	11	26	2018-07-10 17:48:02.408999	2018-07-10 17:48:02.408999
27	10	27	2018-07-10 17:48:02.442921	2018-07-10 17:48:02.442921
28	16	28	2018-07-10 17:48:02.475237	2018-07-10 17:48:02.475237
29	10	29	2018-07-10 17:48:02.508145	2018-07-10 17:48:02.508145
30	1	30	2018-07-10 17:48:02.663836	2018-07-10 17:48:02.663836
31	2	31	2018-07-10 17:48:02.696844	2018-07-10 17:48:02.696844
32	19	32	2018-07-10 17:48:02.7308	2018-07-10 17:48:02.7308
33	2	33	2018-07-10 17:48:02.763848	2018-07-10 17:48:02.763848
34	15	34	2018-07-10 17:48:02.797352	2018-07-10 17:48:02.797352
35	4	35	2018-07-10 17:48:02.829925	2018-07-10 17:48:02.829925
36	4	36	2018-07-10 17:48:02.863225	2018-07-10 17:48:02.863225
37	16	37	2018-07-10 17:48:02.89641	2018-07-10 17:48:02.89641
38	7	38	2018-07-10 17:48:02.930043	2018-07-10 17:48:02.930043
39	4	39	2018-07-10 17:48:02.963241	2018-07-10 17:48:02.963241
40	14	40	2018-07-10 17:48:02.996543	2018-07-10 17:48:02.996543
41	2	41	2018-07-10 17:48:03.029599	2018-07-10 17:48:03.029599
42	3	42	2018-07-10 17:48:03.063738	2018-07-10 17:48:03.063738
43	8	43	2018-07-10 17:48:03.096795	2018-07-10 17:48:03.096795
44	13	44	2018-07-10 17:48:03.130871	2018-07-10 17:48:03.130871
45	14	45	2018-07-10 17:48:03.163487	2018-07-10 17:48:03.163487
46	9	46	2018-07-10 17:48:03.19626	2018-07-10 17:48:03.19626
47	12	47	2018-07-10 17:48:03.240174	2018-07-10 17:48:03.240174
48	5	48	2018-07-10 17:48:03.274031	2018-07-10 17:48:03.274031
49	4	49	2018-07-10 17:48:03.307171	2018-07-10 17:48:03.307171
50	19	50	2018-07-10 17:48:03.340608	2018-07-10 17:48:03.340608
51	19	51	2018-07-10 17:48:03.375015	2018-07-10 17:48:03.375015
52	10	52	2018-07-10 17:48:03.407436	2018-07-10 17:48:03.407436
53	15	53	2018-07-10 17:48:03.440497	2018-07-10 17:48:03.440497
54	3	54	2018-07-10 17:48:03.485008	2018-07-10 17:48:03.485008
55	4	55	2018-07-10 17:48:03.51814	2018-07-10 17:48:03.51814
56	11	56	2018-07-10 17:48:03.552189	2018-07-10 17:48:03.552189
57	12	57	2018-07-10 17:48:03.587415	2018-07-10 17:48:03.587415
58	13	58	2018-07-10 17:48:03.62922	2018-07-10 17:48:03.62922
59	4	59	2018-07-10 17:48:03.763466	2018-07-10 17:48:03.763466
60	19	60	2018-07-10 17:48:03.795829	2018-07-10 17:48:03.795829
61	6	61	2018-07-10 17:48:03.828872	2018-07-10 17:48:03.828872
62	9	62	2018-07-10 17:48:03.862058	2018-07-10 17:48:03.862058
63	6	63	2018-07-10 17:48:03.895491	2018-07-10 17:48:03.895491
64	19	64	2018-07-10 17:48:03.940444	2018-07-10 17:48:03.940444
65	19	65	2018-07-10 17:48:03.973189	2018-07-10 17:48:03.973189
66	11	66	2018-07-10 17:48:04.006717	2018-07-10 17:48:04.006717
67	16	67	2018-07-10 17:48:04.039562	2018-07-10 17:48:04.039562
68	6	68	2018-07-10 17:48:04.073147	2018-07-10 17:48:04.073147
69	19	69	2018-07-10 17:48:04.106166	2018-07-10 17:48:04.106166
70	20	70	2018-07-10 17:48:04.139504	2018-07-10 17:48:04.139504
71	5	71	2018-07-10 17:48:04.173062	2018-07-10 17:48:04.173062
72	18	72	2018-07-10 17:48:04.206367	2018-07-10 17:48:04.206367
73	9	73	2018-07-10 17:48:04.240177	2018-07-10 17:48:04.240177
74	3	74	2018-07-10 17:48:04.273759	2018-07-10 17:48:04.273759
75	13	75	2018-07-10 17:48:04.306184	2018-07-10 17:48:04.306184
76	20	76	2018-07-10 17:48:04.339291	2018-07-10 17:48:04.339291
77	11	77	2018-07-10 17:48:04.372562	2018-07-10 17:48:04.372562
78	8	78	2018-07-10 17:48:04.405836	2018-07-10 17:48:04.405836
79	9	79	2018-07-10 17:48:04.439374	2018-07-10 17:48:04.439374
80	11	80	2018-07-10 17:48:04.47252	2018-07-10 17:48:04.47252
81	12	81	2018-07-10 17:48:04.506033	2018-07-10 17:48:04.506033
82	9	82	2018-07-10 17:48:04.539498	2018-07-10 17:48:04.539498
83	6	83	2018-07-10 17:48:04.573311	2018-07-10 17:48:04.573311
84	8	84	2018-07-10 17:48:04.6065	2018-07-10 17:48:04.6065
85	5	85	2018-07-10 17:48:04.63986	2018-07-10 17:48:04.63986
86	19	86	2018-07-10 17:48:04.6725	2018-07-10 17:48:04.6725
87	5	87	2018-07-10 17:48:04.705893	2018-07-10 17:48:04.705893
88	12	88	2018-07-10 17:48:04.739082	2018-07-10 17:48:04.739082
89	15	89	2018-07-10 17:48:04.860966	2018-07-10 17:48:04.860966
90	15	90	2018-07-10 17:48:04.89443	2018-07-10 17:48:04.89443
91	2	91	2018-07-10 17:48:04.927993	2018-07-10 17:48:04.927993
92	7	92	2018-07-10 17:48:04.961915	2018-07-10 17:48:04.961915
93	1	93	2018-07-10 17:48:04.994544	2018-07-10 17:48:04.994544
94	8	94	2018-07-10 17:48:05.027497	2018-07-10 17:48:05.027497
95	12	95	2018-07-10 17:48:05.060898	2018-07-10 17:48:05.060898
96	16	96	2018-07-10 17:48:05.094086	2018-07-10 17:48:05.094086
97	10	97	2018-07-10 17:48:05.128414	2018-07-10 17:48:05.128414
98	4	98	2018-07-10 17:48:05.171841	2018-07-10 17:48:05.171841
99	16	99	2018-07-10 17:48:05.205944	2018-07-10 17:48:05.205944
100	12	100	2018-07-10 17:48:05.238792	2018-07-10 17:48:05.238792
107	18	106	2018-09-04 08:14:33.778679	2018-09-04 08:14:33.778679
108	16	108	2018-09-04 08:15:37.930312	2018-09-04 08:15:37.930312
109	16	109	2018-09-04 08:16:23.892974	2018-09-04 08:16:23.892974
110	18	110	2018-09-04 08:18:18.021794	2018-09-04 08:18:18.021794
111	18	111	2018-09-04 08:35:52.563799	2018-09-04 08:35:52.563799
112	13	111	2018-09-04 08:35:52.566172	2018-09-04 08:35:52.566172
113	18	112	2018-09-04 08:36:10.057851	2018-09-04 08:36:10.057851
114	13	112	2018-09-04 08:36:10.060082	2018-09-04 08:36:10.060082
115	12	113	2018-09-04 08:38:27.920713	2018-09-04 08:38:27.920713
116	18	113	2018-09-04 08:38:27.922436	2018-09-04 08:38:27.922436
117	12	114	2018-09-04 08:57:37.337302	2018-09-04 08:57:37.337302
118	18	114	2018-09-04 08:57:37.339013	2018-09-04 08:57:37.339013
119	18	115	2018-09-04 09:03:36.249322	2018-09-04 09:03:36.249322
120	13	115	2018-09-04 09:03:36.251451	2018-09-04 09:03:36.251451
121	18	116	2018-09-04 09:03:55.985361	2018-09-04 09:03:55.985361
122	13	116	2018-09-04 09:03:55.987283	2018-09-04 09:03:55.987283
123	12	117	2018-09-04 09:08:48.954986	2018-09-04 09:08:48.954986
124	13	117	2018-09-04 09:08:48.957645	2018-09-04 09:08:48.957645
125	12	118	2018-09-04 09:17:45.812759	2018-09-04 09:17:45.812759
126	12	119	2018-09-04 10:16:42.210467	2018-09-04 10:16:42.210467
127	17	120	2018-09-04 10:18:01.906619	2018-09-04 10:18:01.906619
128	5	120	2018-09-04 10:18:01.90809	2018-09-04 10:18:01.90809
129	12	121	2018-09-04 10:20:43.222682	2018-09-04 10:20:43.222682
130	12	122	2018-09-04 10:35:06.225016	2018-09-04 10:35:06.225016
131	12	124	2018-09-04 10:59:16.275494	2018-09-04 10:59:16.275494
132	12	125	2018-09-04 11:05:40.434254	2018-09-04 11:05:40.434254
133	12	126	2018-09-04 11:06:16.421464	2018-09-04 11:06:16.421464
135	12	128	2018-09-04 11:37:26.922801	2018-09-04 11:37:26.922801
\.


--
-- Name: job_skills_id_seq; Type: SEQUENCE SET; Schema: public; Owner: -
--

SELECT pg_catalog.setval('public.job_skills_id_seq', 135, true);


--
-- Data for Name: recuitor_profiles; Type: TABLE DATA; Schema: public; Owner: -
--

COPY public.recuitor_profiles (id, company_name, contact_no, address, pan_no, description, recuitor_id, created_at, updated_at, industry, website, email, photo) FROM stdin;
2	Williamson-Bergstrom	1-977-370-0098	2677 Roslyn Inlet, Lake Destanyside, NV 97219-6930	17-560-5306	["Sit est et ea officiis. Illum tenetur delectus in. Voluptates magnam est voluptate quos.", "Consectetur explicabo cum doloribus. Dolore et voluptatem quas qui esse. Illo praesentium molestiae voluptas facere est consequatur. Pariatur illo aut repellat esse et mollitia. Numquam qui nihil quia aperiam.", "Ut dolorum et explicabo sed. Animi labore vero mollitia rerum quis temporibus. Laudantium aliquid dicta et. Ducimus ratione sunt consequatur provident praesentium ut. Rerum hic ea et id iusto."]	2	2018-07-10 17:40:37.386211	2018-07-10 17:40:37.386211	Arts and Crafts	www.testsite.com	test@test.com	\N
3	Swift Group	1-202-007-3129	338 Schneider Inlet, East Toby, DE 54056-4075	25-088-3222	["Placeat facere est sit in quaerat. Dicta autem qui. Sint dolor deserunt ut et. Aliquam id in sint quisquam. Ipsam excepturi illo sit consequatur quia rerum voluptate.", "Perspiciatis voluptatum alias repudiandae culpa error quasi sequi. Natus cumque minima eos et et rerum odio. Debitis tempore fuga.", "Ut quis quod sed. Neque quos ea reiciendis. Dolor dicta est voluptates sint."]	3	2018-07-10 17:40:37.738393	2018-07-10 17:40:37.738393	Performing Arts	www.testsite.com	test@test.com	\N
4	Hane LLC	918-418-4436	Apt. 723 76340 Jacquelyn Skyway, Lake Nikita, GA 50063-2148	11-362-8377	["Qui aliquam officia voluptatem est. Quaerat nihil adipisci aut voluptas est hic sed. Impedit eum et doloribus.", "Nesciunt praesentium dolorem. Et distinctio sunt inventore sit reiciendis odio officiis. Quae eos facilis repellendus quibusdam. Sed maiores deleniti aut at illo. Rerum ut aut.", "Doloribus sit eaque veritatis quas consequatur suscipit. Et ea aliquid incidunt et alias dolor quod. Eligendi dolor quo doloribus consequatur quia."]	4	2018-07-10 17:40:38.058129	2018-07-10 17:40:38.058129	Package / Freight Delivery	www.testsite.com	test@test.com	\N
5	Streich, Harvey and Becker	883-982-3892	Suite 930 57671 Witting Knoll, Baumbachborough, VT 58077-2711	95-225-2690	["Exercitationem corporis nihil minus quidem eveniet illo vero. Doloribus aut qui quam eos quod voluptatem. Non quia laudantium repellat quam provident libero unde.", "Voluptas voluptatem cum enim sunt architecto expedita fuga. Qui qui quaerat soluta magnam recusandae enim. In suscipit odio blanditiis.", "Dolores aut et. Quia sit voluptas occaecati et doloribus laudantium voluptatibus. Impedit voluptas nemo non voluptates voluptas reprehenderit. Dolores eum quas quibusdam explicabo odio rerum aspernatur. Dolore doloribus quod tenetur repellendus necessitatibus."]	5	2018-07-10 17:40:38.359439	2018-07-10 17:40:38.359439	Religious Institutions	www.testsite.com	test@test.com	\N
6	Collier Group	1-238-557-9078	Apt. 638 2006 Jones Branch, Boyleview, OH 13139-4276	00-260-8319	["Saepe quam recusandae earum consequuntur ullam odio. Eligendi minus voluptatem qui aut quos tempora. Harum aspernatur ipsum dicta perferendis. Minima et qui. Illo eum dolorem pariatur velit maxime.", "Qui aut praesentium accusantium eveniet quos fugiat nobis. Illum voluptate repudiandae sequi quia dolorem. Ut sit quisquam qui iste et. Voluptas optio amet laborum eaque sit dolore enim. Ut quisquam aut molestiae id tempora.", "Atque quos nam voluptatem praesentium repellendus rerum tempora. Ad consequuntur praesentium perspiciatis. Occaecati expedita et ipsam modi et."]	6	2018-07-10 17:40:38.636393	2018-07-10 17:40:38.636393	Fund-Raising	www.testsite.com	test@test.com	\N
7	Lynch-Beier	1-846-370-6811	Apt. 587 741 Dicki Rest, Port Eddieview, LA 36669	38-784-8668	["Enim libero et quo voluptas. Fugiat est est doloremque maxime quia mollitia corrupti. Sed unde molestias eum aut quaerat.", "Minus voluptatem explicabo amet blanditiis et in. Soluta minima laboriosam. Fuga id quasi et nostrum debitis. Vel incidunt aliquam. Dolorem laboriosam odio aut eum harum possimus eos.", "Doloremque tempore sint et qui mollitia. Fuga eum inventore enim sit. Dicta dolores impedit possimus."]	7	2018-07-10 17:40:38.926275	2018-07-10 17:40:38.926275	Facilities Services	www.testsite.com	test@test.com	\N
8	Bechtelar-Morar	961.862.1932	468 May Circle, Darrylside, TX 94522-3531	47-065-4111	["Nostrum neque nemo. Qui atque odio. Odit voluptatem molestias dolorum ea qui. Et veritatis eius at aut vitae nesciunt a.", "Eos itaque voluptas. Id distinctio blanditiis perferendis quo impedit porro cupiditate. Ipsam id soluta est nobis repellat. Mollitia officia aspernatur nostrum facilis in vitae voluptatibus.", "Aut eveniet eos. Eius earum quos ullam tenetur dicta provident rerum. Ut esse suscipit quia est."]	8	2018-07-10 17:40:39.199728	2018-07-10 17:40:39.199728	Railroad Manufacture	www.testsite.com	test@test.com	\N
9	Larkin LLC	491.197.2912	414 Godfrey Camp, Port Osvaldo, NH 21026-5812	36-261-4007	["Amet ducimus voluptatem et tenetur explicabo aperiam. Ut voluptas non vitae voluptatum. Quia nulla dignissimos sit. Delectus accusantium dolores aperiam et enim aut ducimus.", "Aut sed et. Perferendis porro assumenda voluptas aut. Unde illum commodi molestiae consequatur adipisci harum sequi.", "Vel explicabo fuga corrupti. Sint ipsum aut odio. Hic dignissimos quasi est inventore magnam. Aut voluptatem labore illo."]	9	2018-07-10 17:40:39.511237	2018-07-10 17:40:39.511237	Capital Markets	www.testsite.com	test@test.com	\N
10	Senger, Torp and Dare	110.915.8418	Suite 395 258 Joelle Creek, Kuhlmantown, WY 40601	05-523-0325	["Ipsam non vel aut praesentium magni labore et. Perferendis ut repellendus rerum eaque sit sequi et. Exercitationem fugit laborum voluptatum. Voluptas itaque sed culpa aut. Fugiat sed quae.", "Enim molestiae sint quia et excepturi in id. Neque aut quia et laboriosam dolore. Earum qui facere. Eius sed suscipit aspernatur molestiae. Dignissimos consequatur eum iste cumque adipisci est.", "Saepe laudantium vitae accusamus. Consectetur atque ut molestiae illo veritatis quibusdam corporis. Quis quam velit officiis. Aut adipisci voluptates."]	10	2018-07-10 17:40:39.776837	2018-07-10 17:40:39.776837	Higher Education	www.testsite.com	test@test.com	\N
11	King, Collier and Stroman	(216) 631-3911	87297 Hand Centers, Lake Jacyntheview, HI 27382	20-482-7199	["Dolorem quos ducimus accusamus optio ut. Iure id quis. Voluptates eaque expedita consequatur qui.", "Sapiente commodi sunt cum molestiae est. Nam autem reprehenderit rerum autem nisi amet et. Dolor aperiam et voluptatem nobis. Quis ut nam voluptate odio consequatur fuga nostrum. Inventore sed modi.", "Fugiat maxime odit delectus labore. Sapiente soluta velit optio incidunt dolores modi aut. Delectus voluptatem nesciunt repellendus libero et."]	11	2018-07-10 17:40:40.044277	2018-07-10 17:40:40.044277	Industrial Automation	www.testsite.com	test@test.com	\N
12	Lehner Group	1-155-208-6216	Apt. 877 858 Eladio Run, Joeltown, KS 46558	10-893-6264	["Quam et quia in sit. Sit voluptas magni fugit aut nulla. Totam nihil numquam. Aliquam non id quas ea nesciunt.", "Quos quam rem dicta non maxime. Quae unde dicta in quas voluptatibus ut reiciendis. Minima rerum aut molestiae beatae. Nulla cupiditate ipsum animi assumenda eligendi.", "Sint unde et optio. Blanditiis est placeat aut. Doloribus adipisci vel harum voluptatum."]	12	2018-07-10 17:40:40.331574	2018-07-10 17:40:40.331574	Apparel & Fashion	www.testsite.com	test@test.com	\N
13	Hettinger Group	230-811-5455	Apt. 460 1620 Doyle Club, Jacobiville, PA 79714-8619	29-491-4222	["Consequatur tempore aut. Omnis vitae minima est ut enim laudantium. Amet quia consequatur quae nostrum repellendus explicabo. Quibusdam molestiae nostrum aut.", "Perspiciatis esse mollitia magni explicabo asperiores. Accusamus id omnis corrupti porro. Et veritatis beatae ea numquam exercitationem cum error.", "Autem doloribus aut distinctio. Consequatur fuga nemo alias autem aliquam et earum. Molestiae neque magnam esse facilis ipsam. Velit quasi qui assumenda quas illum sit id."]	13	2018-07-10 17:40:40.597711	2018-07-10 17:40:40.597711	Real Estate	www.testsite.com	test@test.com	\N
14	Little, Mitchell and Swift	1-136-877-4853	24846 Zboncak Shore, North Lillyborough, KS 61806-4233	17-091-5519	["Sed ipsa sint magni aut quis ullam. Voluptatum vitae mollitia explicabo qui rerum ut. Similique nulla perferendis inventore.", "Nisi aut perferendis voluptas sed pariatur. Id tenetur laboriosam. Illo et aut quasi facilis. Fugit molestiae illo repudiandae.", "Hic voluptatibus rerum dolores dolor et quia. Sed repudiandae voluptatibus est velit excepturi est voluptatem. Nobis est aut laudantium excepturi fugiat maxime. Amet sint non atque consequatur. Blanditiis sint doloremque beatae asperiores sunt nihil quisquam."]	14	2018-07-10 17:40:41.273048	2018-07-10 17:40:41.273048	Online Media	www.testsite.com	test@test.com	\N
15	Schulist-Bartoletti	(239) 729-1471	Suite 630 9609 Aliyah Stream, D'Amoreberg, NM 72221-4808	15-852-9995	["Ratione quia fugiat repellendus qui voluptas voluptatem. Voluptates repudiandae incidunt adipisci vero vel commodi qui. Sint odio modi laudantium.", "Et ipsum natus numquam autem repellat facilis. Id quis qui similique magnam quis. Harum aut reiciendis aut.", "Occaecati officiis fuga placeat. Illum nemo facere laboriosam natus. Molestiae sunt ut hic reprehenderit fuga. Necessitatibus perspiciatis eos at doloribus. Quisquam cupiditate incidunt molestiae sed laborum delectus."]	15	2018-07-10 17:40:41.540888	2018-07-10 17:40:41.540888	Arts and Crafts	www.testsite.com	test@test.com	\N
16	Kihn, Green and Dicki	(190) 573-0722	8683 Tina Meadow, Rowlandport, WI 90518	51-828-9557	["A doloribus optio qui. Adipisci beatae molestiae. Nisi commodi rerum sunt.", "Ea enim rem. Hic enim architecto quia. Dolor aliquid voluptatum adipisci voluptates sapiente non. Modi sit minus tempora itaque aspernatur.", "Qui maiores eum aut. Omnis asperiores quisquam. Aut consequatur aperiam asperiores."]	16	2018-07-10 17:40:41.795968	2018-07-10 17:40:41.795968	Alternative Dispute Resolution	www.testsite.com	test@test.com	\N
17	Kessler-Volkman	1-343-096-5151	338 Adaline Valleys, Dallinton, WI 41403	98-217-3841	["Modi quo saepe ratione ex. Earum consequuntur et quisquam animi mollitia. Nulla qui et placeat porro. Iusto eos nisi voluptas dolorum. Ab placeat esse magnam voluptas atque necessitatibus.", "Quos sequi iure quasi nulla est nostrum. Reiciendis et inventore est voluptas vel fuga quia. Quibusdam corrupti rem suscipit ut occaecati autem veritatis. Non quibusdam consequuntur eligendi id.", "Animi optio assumenda rerum error eligendi. Vel culpa velit numquam reprehenderit itaque aliquam voluptatem. Quam quisquam eius dolor. Eos quis architecto est."]	17	2018-07-10 17:40:42.051154	2018-07-10 17:40:42.051154	Maritime	www.testsite.com	test@test.com	\N
18	Dach-Jerde	540-198-2747	98743 Carroll Plains, Moenton, SD 47468	20-580-2723	["Unde nostrum quibusdam molestiae ea neque possimus. Suscipit sit ut eligendi sed omnis velit eaque. Eius aut vel aperiam.", "Eveniet exercitationem architecto autem fugiat qui. Accusantium cumque nihil quam fuga. Facere corrupti quia aut sit quisquam sit libero. Ullam ut dolore corrupti est magni. Ut dolores sunt perspiciatis error iusto ut odio.", "Cum occaecati nihil. Qui impedit voluptatem. Sunt natus velit quidem minus iusto cumque."]	18	2018-07-10 17:40:42.306304	2018-07-10 17:40:42.306304	Computer Software	www.testsite.com	test@test.com	\N
19	Schmeler-Wintheiser	1-366-489-0455	Apt. 474 77574 Ken Knoll, Stiedemannville, NY 17299	37-154-1091	["Minus vel libero. Tempore natus voluptatem explicabo eos expedita dolores dolorum. Molestiae dolore esse doloribus ex debitis.", "Saepe sint molestiae culpa amet iure. Fuga non veniam perspiciatis. Quaerat consequuntur quas aliquam porro nihil error. Enim architecto quas. Est deserunt velit officiis aut.", "Excepturi placeat ipsum ducimus. Necessitatibus ex ut labore minus odit. Velit officiis est ex. Culpa enim rerum. Nulla autem est similique."]	19	2018-07-10 17:40:42.561695	2018-07-10 17:40:42.561695	Leisure, Travel & Tourism	www.testsite.com	test@test.com	\N
20	Stokes-Wunsch	(421) 456-9120	Suite 837 80653 Wilderman Streets, West Tania, VA 29274-7702	48-419-6291	["Sed delectus nisi nihil cumque. In hic asperiores quibusdam quae molestiae. Voluptatibus molestiae debitis.", "Quisquam saepe consequatur. Cupiditate consequuntur doloremque. Officia et sint. Eligendi est non id omnis repellat nobis. Maxime nihil ipsum qui ducimus ut veritatis.", "Nam minus debitis rerum. Asperiores et recusandae laborum ea autem dolorum. In corrupti et officia consectetur. Vel error culpa nesciunt voluptatum deserunt nostrum dolorem. Enim et esse quo quos occaecati ratione voluptas."]	20	2018-07-10 17:40:42.816923	2018-07-10 17:40:42.816923	Think Tanks	www.testsite.com	test@test.com	\N
21	Spinka, Stamm and Kub	1-881-093-0129	Apt. 862 7750 Robel Pass, East Hollisport, NY 67951	25-422-9524	["Occaecati magni voluptates ipsum aliquid mollitia deserunt. Consectetur ut voluptas rem. Magni in aliquid porro. Voluptatum sed animi asperiores voluptates.", "Vero sit et saepe autem. Eos eligendi quasi est doloribus. Magni aperiam consectetur unde atque. Mollitia consequuntur omnis. Nulla repellat non dignissimos itaque eos voluptatem.", "Non sint modi tenetur nam soluta temporibus. Non magnam accusamus. Quia quia est consectetur voluptatem ad non rerum."]	21	2018-07-10 17:40:43.083302	2018-07-10 17:40:43.083302	Investment Management	www.testsite.com	test@test.com	\N
22	Dibbert, Beer and Huels	517.626.2087	Apt. 832 357 Marlene Wells, West Gaetanomouth, KY 66915	88-625-7866	["Architecto qui earum reprehenderit. Nihil qui optio ipsum quo. Officiis impedit nihil. Minus dignissimos est est. Minus eaque et.", "Et odit voluptatibus distinctio amet repudiandae reiciendis. Velit quis dolores animi fugiat. Sunt nam magnam sapiente qui. Ea delectus corrupti.", "Consequuntur accusantium minima beatae et sint. Et accusamus velit possimus. Quam amet ut sapiente voluptas explicabo. Doloremque soluta dignissimos ab repellat ex enim. Et accusamus facere."]	22	2018-07-10 17:40:43.338678	2018-07-10 17:40:43.338678	Shipbuilding	www.testsite.com	test@test.com	\N
34	Gulgowski, Prosacco and Dicki	1-777-618-3844	94384 Gorczany Dale, West Jazmin, GA 60802	76-894-9809	["Maiores ratione qui. Nemo modi aliquid. Excepturi dolorem voluptatem error pariatur explicabo. Tempora qui quas amet assumenda.", "Accusantium voluptas error minus earum culpa et. Velit saepe et nisi. Sunt rerum consequuntur nemo nihil in dolorum ipsam. Est eum aspernatur corporis.", "Aut voluptatem deleniti. Consequatur voluptate aut modi ut ipsum. Sunt est eos sint ad. Debitis quia veniam. Aspernatur libero natus corporis."]	34	2018-07-10 17:40:46.500516	2018-07-10 17:40:46.500516	Government Administration	www.testsite.com	test@test.com	\N
23	Romaguera and Sons	435.168.7076	1128 Gretchen Walk, Zulaufberg, NH 80901	93-123-4350	["Et aut dicta similique tempora. Voluptate aut esse blanditiis repellendus doloremque quaerat. Ab ea quam ipsam. Mollitia illo non qui itaque ratione nobis aut.", "Voluptatibus praesentium repellat nostrum deserunt tempora. Facere qui expedita. Dolore sed aut molestiae dolorem incidunt quam perspiciatis. Accusantium nesciunt vel occaecati recusandae reprehenderit beatae. In temporibus sint voluptas eaque deserunt.", "Minus ut voluptates. Saepe deleniti ut veritatis voluptatem. Dolorem ad qui autem sint. Minus sed at quos dolorum."]	23	2018-07-10 17:40:43.593554	2018-07-10 17:40:43.593554	Banking	www.testsite.com	test@test.com	\N
24	Hartmann and Sons	1-425-380-9200	661 Reichert Expressway, North Breanneland, WI 11942-4361	44-361-8898	["Doloremque commodi eos voluptas odit natus. Laborum quibusdam aut eos ipsam magnam impedit quidem. Natus aut dignissimos minima impedit. Necessitatibus fuga quibusdam excepturi soluta.", "Iusto aut totam ut. Et error quod deserunt aut magni dolorem inventore. A consequatur ut eius et ex voluptatem est.", "Est fuga sunt consequatur omnis id. Expedita incidunt illo cumque. Eos et consequatur culpa ipsum sapiente deleniti quis. Voluptatem aliquam veniam ab."]	24	2018-07-10 17:40:43.848523	2018-07-10 17:40:43.848523	Nanotechnology	www.testsite.com	test@test.com	\N
25	Roberts-Schmeler	565.381.5241	Suite 786 13633 Rowe Valley, Fritschport, UT 31433-9198	80-307-1394	["Est quaerat velit accusantium sed atque sunt. Earum dicta provident. Quis labore esse sit et mollitia amet ab. Odit ducimus est sunt aut.", "Eum dicta distinctio nemo. Autem beatae ab temporibus architecto. Accusantium amet qui qui quia unde delectus eaque.", "Fuga officia assumenda accusamus. Officia ipsum quo harum vero rerum doloribus enim. Iusto qui sed cumque at in. Et placeat animi quae voluptatem quisquam."]	25	2018-07-10 17:40:44.10403	2018-07-10 17:40:44.10403	Think Tanks	www.testsite.com	test@test.com	\N
26	Ward-Hegmann	1-348-699-7481	Apt. 935 7035 Bosco Port, Margarettburgh, AZ 12478-8073	07-224-1880	["Quos enim dolore odio molestiae pariatur delectus. Amet voluptatem laboriosam. Quo ut ea vel quibusdam molestiae.", "Suscipit consequatur atque. Necessitatibus sunt optio corporis mollitia odit. Et iusto est explicabo. Aut culpa nisi. Non nesciunt aut iste eius.", "Mollitia velit minima veritatis in. Fuga ipsum id quas libero dignissimos. Quidem eum velit est. Ab tenetur facilis quia est. Cumque enim sit est aut dolore facilis tenetur."]	26	2018-07-10 17:40:44.381312	2018-07-10 17:40:44.381312	Furniture	www.testsite.com	test@test.com	\N
27	Gulgowski Group	696.746.6966	280 Hirthe Burgs, Ardithmouth, ID 90623	09-699-5236	["Odit sit porro laborum nobis quidem. Fuga cupiditate ut hic est est. Tempora nobis dolor sunt suscipit iusto ducimus architecto. Enim autem dolores veniam est accusamus quis aut.", "Deserunt qui nostrum molestiae labore. Nulla quia voluptatem. Ut qui sunt. Non pariatur quidem inventore.", "Qui nisi doloremque eveniet provident. Sed eos quis. At ut aut ad ut similique dignissimos a. Sit autem ipsam atque sint vero sunt quas. Vitae explicabo optio iure possimus dolor soluta quo."]	27	2018-07-10 17:40:44.647755	2018-07-10 17:40:44.647755	Mechanical or Industrial Engineering	www.testsite.com	test@test.com	\N
28	Beahan Inc	831-143-4187	970 Annette Walk, Isaacside, WV 51278	28-261-2279	["Saepe eos ducimus neque repellat est laudantium. Eum quia aut totam molestiae. Et tempore sapiente enim impedit. Accusantium autem consequatur eum nesciunt culpa delectus. Quaerat consectetur corrupti nihil aut.", "Facilis voluptas blanditiis corporis. Facere ad excepturi architecto sit. Ratione eos voluptate sint. Quo id consequatur est ut.", "Error sunt illo voluptas ut. Nulla in labore. Ea culpa rerum ducimus beatae quaerat deserunt. Ut et porro deleniti sed nihil."]	28	2018-07-10 17:40:44.924993	2018-07-10 17:40:44.924993	Veterinary	www.testsite.com	test@test.com	\N
29	Kassulke LLC	534-882-1875	6745 Kuhn Street, Schultzberg, AK 40691	96-835-1707	["Eum culpa autem repellendus. In aliquid et similique possimus accusamus. Qui vel qui magni expedita consectetur ut.", "Iste illo natus iusto autem. Ex est libero. Cupiditate fugiat nesciunt autem dolorum aliquam tenetur. Quasi numquam qui dolorem pariatur quis magni. Quam deleniti quis dolor.", "Cupiditate aut deserunt nesciunt. Voluptas voluptas ut quos dolorem quasi. Rerum labore consequatur exercitationem nam sunt qui vel. Odit sunt eum quasi ex aut et."]	29	2018-07-10 17:40:45.180217	2018-07-10 17:40:45.180217	Wholesale	www.testsite.com	test@test.com	\N
30	Bahringer, Friesen and Larkin	1-791-868-8329	65116 Jolie Plains, New Lurabury, NC 21407	23-520-8220	["Quod sint sit fugiat at id. Aut accusamus consequatur aut id animi at. Magnam eligendi magni asperiores porro cumque autem ad. Voluptas modi maiores et cum et. Architecto quis debitis consequuntur.", "Et tempore placeat rerum vel. Aut quo asperiores numquam quia ea placeat. Facilis reiciendis dolore voluptas. Commodi fugiat est molestias et voluptas mollitia consequatur.", "Nam expedita quidem voluptas reiciendis consequuntur dolores. Voluptatem asperiores delectus numquam cum. Quaerat odit perferendis sed et. Ut tenetur excepturi. Doloribus molestias non qui quam voluptatem."]	30	2018-07-10 17:40:45.435504	2018-07-10 17:40:45.435504	Financial Services	www.testsite.com	test@test.com	\N
31	Hagenes LLC	(117) 000-0103	211 Lowe Crest, Dasiachester, NM 39947-1948	42-072-8577	["Voluptas nulla quia assumenda. Ex facere vel. Molestias neque ut vitae quia et nihil excepturi. Molestiae voluptas laborum nam. Est tempora cum nemo repudiandae.", "Beatae molestiae aliquid sint dolores sit. Molestiae sed ut. Est ea tenetur eos est. Assumenda saepe labore et nulla. Deleniti dicta commodi repellendus itaque ut corporis velit.", "Voluptas consectetur facere ullam et. Maxime a et minus ipsum sed quo. Autem laborum aliquam aut labore omnis incidunt optio. Hic qui soluta aperiam quis ea consequatur."]	31	2018-07-10 17:40:45.691108	2018-07-10 17:40:45.691108	Civil Engineering	www.testsite.com	test@test.com	\N
32	Gulgowski-Hackett	1-587-400-7317	12474 Kutch Hollow, East Janellehaven, AK 25537	73-739-6798	["Pariatur aperiam quo culpa quia aut aut. Sed nisi eum tenetur quas sapiente sed asperiores. Non dolores dolor aut tempora corporis sed. Non laboriosam voluptatem impedit suscipit occaecati dolor alias.", "Soluta consequatur qui. Consequatur aliquam ex quo ipsa maiores a. Est enim quam beatae porro. Dolore qui accusantium quod veniam aspernatur itaque sed. Quis veritatis nemo est.", "Facere aliquam fuga. Quas voluptate dolorem eligendi quam mollitia. Consequuntur distinctio ullam maxime sit deserunt. Quidem quos beatae pariatur."]	32	2018-07-10 17:40:45.946085	2018-07-10 17:40:45.946085	Media Production	www.testsite.com	test@test.com	\N
33	Rutherford and Sons	(186) 545-2454	412 Lina Curve, Morissetteborough, GA 33349	50-326-5418	["Sunt quia voluptas adipisci ipsum quis est. Vitae reiciendis optio unde ratione velit rem autem. Voluptas illum aspernatur sit magni nobis.", "Rerum tempore amet quia et sunt aliquid animi. Et vitae molestiae. Non qui culpa. Fugiat non autem velit dolor cupiditate qui est. Occaecati libero aliquid.", "Dolore similique asperiores enim et porro suscipit. Perferendis aut nisi quo quae. Eos autem eveniet repellat deleniti nobis."]	33	2018-07-10 17:40:46.234285	2018-07-10 17:40:46.234285	Health, Wellness and Fitness	www.testsite.com	test@test.com	\N
35	O'Keefe and Sons	1-658-027-1542	Suite 888 4167 Orrin Mall, Ezraside, IA 72767-5757	68-604-6964	["Deleniti rerum alias voluptatibus aut delectus dicta. Consequatur consequatur illum voluptatem dignissimos dolorem. Architecto iste quaerat. Velit nostrum nihil omnis. Voluptates beatae et quia quis necessitatibus nihil omnis.", "Dolorem voluptatem et sit sunt est sed. Dignissimos dicta quo velit tempora minus. Omnis autem ullam ex placeat dolores tempora.", "Facilis est accusamus quia. Et molestiae assumenda quidem aut. Facilis est aliquid voluptatem quia. Laudantium in nobis est ut."]	35	2018-07-10 17:40:46.755974	2018-07-10 17:40:46.755974	Architecture & Planning	www.testsite.com	test@test.com	\N
36	Heller, Streich and Raynor	(193) 123-2784	6497 Gerhold Green, Port Maxwelltown, PA 32875	44-471-4702	["Perspiciatis cumque sunt nesciunt odit soluta accusamus. Corporis sunt neque possimus modi. Consectetur exercitationem quia dolorem beatae commodi.", "Delectus a itaque sunt deleniti illo labore. Rerum sed sed quia adipisci. Nobis facilis sequi ipsam odit. Qui voluptas voluptas qui. Ut voluptate velit sunt.", "Exercitationem quisquam ratione voluptatum aliquid nisi. Ut pariatur vel possimus ullam. Culpa totam in voluptate. Incidunt sunt in non eveniet debitis dolorem doloremque. Qui quod ut fugiat et adipisci rerum omnis."]	36	2018-07-10 17:40:47.0112	2018-07-10 17:40:47.0112	Civic & Social Organization	www.testsite.com	test@test.com	\N
37	Hammes-Wisozk	794-430-7173	81891 Kenton Trafficway, North Rosetta, IN 93840-5658	35-532-2722	["Ut molestiae necessitatibus esse. Possimus vitae dolores ea molestiae. Sint quo autem omnis voluptas. Quis omnis deleniti.", "Quod eos ipsum et similique perspiciatis sequi harum. Et rerum voluptatem dignissimos ex et. Facere aut natus. Aliquid qui aspernatur reprehenderit deserunt fugiat qui. Voluptas aut cum a.", "Cumque omnis nostrum voluptatem vero consequatur. Laboriosam similique cupiditate. Sint assumenda quis quia blanditiis."]	37	2018-07-10 17:40:47.277241	2018-07-10 17:40:47.277241	Political Organization	www.testsite.com	test@test.com	\N
38	Rippin and Sons	599.339.0005	78925 Wilderman Trail, Flatleyville, NC 54910	49-616-6016	["Qui quis accusamus sed quae quasi ea similique. Veritatis eius commodi ea. Quas ad ea aliquam sit ut perferendis. Id est sint velit dolore ut occaecati.", "Ipsum quidem dignissimos cupiditate quibusdam. Aut aliquam architecto pariatur ducimus et. Ratione soluta vel in porro laborum. In corrupti dolor dignissimos blanditiis consectetur odio.", "Ut qui eveniet a rem rerum. Est eum autem sint explicabo ea. Id vel non facilis odit qui. Quidem vitae voluptas iure ut iste quasi et. Et enim ut quos voluptate."]	38	2018-07-10 17:40:47.532988	2018-07-10 17:40:47.532988	Think Tanks	www.testsite.com	test@test.com	\N
39	Prosacco, Schimmel and Simonis	(235) 678-4482	2260 Juvenal Key, South Aidentown, WA 98074	73-196-6025	["Repudiandae atque blanditiis neque nihil. Voluptatibus fugiat saepe itaque quae est ut. Fugit natus illo provident. Et officia voluptatem quidem rerum et blanditiis soluta. Praesentium exercitationem pariatur dicta ullam.", "Explicabo sunt quis. Aut rerum voluptatem omnis ut. Vel omnis et soluta.", "Ab odit facilis quia inventore voluptatibus assumenda corporis. Enim perspiciatis vero sapiente sint. Cumque quia provident quae distinctio quia aut porro. Facere quia tenetur vel dignissimos earum quis. Aliquid laboriosam necessitatibus soluta."]	39	2018-07-10 17:40:47.814482	2018-07-10 17:40:47.814482	Logistics and Supply Chain	www.testsite.com	test@test.com	\N
40	Cremin, Reilly and Reilly	722-273-4061	84855 Ziemann Parkways, Lake Darion, IN 75762	17-935-6036	["Aliquid non officia incidunt esse quidem ullam aliquam. Ut quas doloribus minima ullam exercitationem atque. Debitis dignissimos odio maxime sint tenetur voluptatem. Nesciunt quas aspernatur eos dolor accusantium.", "Ad sed mollitia pariatur nobis laborum aut. Deserunt ad omnis neque ut. Deleniti cumque quo autem voluptatem pariatur.", "Ullam optio sunt quia quo. Consequatur deleniti aut natus. Aut ipsa animi quisquam fugit. Aut commodi ad tenetur velit neque."]	40	2018-07-10 17:40:48.087191	2018-07-10 17:40:48.087191	Photography	www.testsite.com	test@test.com	\N
41	Howe and Sons	(314) 469-2100	Apt. 333 6084 Maria Trail, East Maurineberg, AL 79912	13-640-6816	["Sed quae tempore. Voluptates a rerum rem voluptatem corporis. Facilis tempora autem ex perspiciatis dignissimos magnam beatae.", "Repellendus est modi laboriosam fugiat. Suscipit qui ut neque ipsum id est. Qui ipsa molestiae est quae nemo animi veritatis. Accusamus voluptatem facere ut. Non natus velit excepturi impedit error quod accusamus.", "Exercitationem dolorum sint. Quia eos ratione reiciendis expedita. Et officia consectetur vitae. Nihil harum quia iste quae."]	41	2018-07-10 17:40:48.342481	2018-07-10 17:40:48.342481	Shipbuilding	www.testsite.com	test@test.com	\N
42	Powlowski, Schaefer and Beahan	572.593.1054	Apt. 281 22456 Toy Squares, Larkintown, PA 63878-4187	30-654-7208	["Voluptatum animi et quam accusamus optio. Assumenda eaque vitae quam. Ut eos animi magnam accusantium. Consequatur modi beatae quibusdam fuga saepe.", "Aliquid occaecati nisi aut aut animi. Quia autem aut rerum recusandae ab est. Explicabo eum dolore dolores asperiores.", "Ipsa ad hic eius eligendi consequatur aut. Aliquid sint delectus. Et corporis quaerat illum. Deserunt vel vel voluptate."]	42	2018-07-10 17:40:48.597518	2018-07-10 17:40:48.597518	Public Policy	www.testsite.com	test@test.com	\N
43	Gutmann and Sons	(968) 815-1184	Apt. 477 358 Brekke Curve, New Madalyn, MS 24991-3518	40-996-4789	["Ullam ex aut facere omnis iure. Maxime veniam et. Neque totam recusandae. Nostrum non vitae. Veritatis consequatur facere ducimus et.", "Voluptates neque aut vitae magni. Fuga quis enim. Consequuntur vitae dolor. Explicabo aut voluptates vero rem libero. Sit omnis et aliquid doloribus qui quia.", "Et voluptas architecto commodi. Qui explicabo in vel debitis. Ea sit sed et. Officiis repellendus non doloribus velit blanditiis."]	43	2018-07-10 17:40:48.853111	2018-07-10 17:40:48.853111	Executive Office	www.testsite.com	test@test.com	\N
44	Gorczany, Marvin and Baumbach	562-887-5404	Apt. 631 985 Thiel Squares, Lake Felipe, LA 14195	07-937-3763	["Reiciendis sit excepturi voluptatem. Sed quam saepe corporis ut sed et ipsum. Dolores accusantium esse illo. Quia ea ut. Est dolorum aut natus eaque.", "Nostrum non reprehenderit occaecati quae necessitatibus ducimus est. Autem vel ut. Nihil qui quia reiciendis. Sequi error nam saepe placeat eum fugit. Temporibus modi placeat quos odio.", "Et a vitae. Qui illo quidem. Accusantium delectus aut praesentium. Laboriosam sunt ducimus natus quo necessitatibus. Asperiores iure sequi exercitationem qui quos."]	44	2018-07-10 17:40:49.130794	2018-07-10 17:40:49.130794	Luxury Goods & Jewelry	www.testsite.com	test@test.com	\N
45	Gerlach, Rodriguez and Collier	132.503.6271	Suite 233 5898 Schulist Plains, West Cristoballand, MO 15060-4839	80-848-1798	["Consequatur aut dolorem maxime et voluptates architecto. Vel quidem iusto dolorem fugit rerum. Dolorem ab quibusdam qui aut et cum minus. Aut est quaerat id dolor earum veritatis illo. Quidem et molestiae est tempora in quod.", "Architecto assumenda maiores. Veniam neque aut nihil. Excepturi corporis est qui sunt aperiam. Quis est est magni nulla autem magnam. Sed placeat illum.", "Unde tenetur tempora labore at itaque. Illum aliquam ullam aspernatur. Dolores nostrum aut velit nisi."]	45	2018-07-10 17:40:49.42119	2018-07-10 17:40:49.42119	Internet	www.testsite.com	test@test.com	\N
46	Braun Inc	(112) 750-9356	5208 Mante Road, Port Abigale, LA 95617	09-432-8322	["Nobis rerum quis qui. Necessitatibus nostrum aut et fugit praesentium eum. Blanditiis exercitationem aspernatur. Molestiae iste ea ducimus velit quo. Eum itaque ut nulla aut illum sint.", "Provident et laudantium voluptatum neque ipsum soluta aut. Nihil quae non. Accusamus animi eum qui est quas enim rerum. Ea voluptatem debitis alias voluptatibus sequi quia et.", "Tempora totam accusamus earum et rem. Aut ipsam non doloremque. Ut deleniti enim magni aut mollitia voluptates ea. Veniam quia natus voluptatem ratione omnis laborum."]	46	2018-07-10 17:40:49.696496	2018-07-10 17:40:49.696496	Biotechnology	www.testsite.com	test@test.com	\N
47	Barton Inc	1-233-360-3626	163 Christ Canyon, Pamelaberg, NM 52490-5273	61-948-0631	["Ratione laudantium id aut non molestiae aut veniam. Voluptatum odio aut dolorem. Voluptatum possimus rerum iste vel.", "Animi maxime et qui unde sed. Necessitatibus voluptatem omnis. Quam ipsa et ducimus.", "Et rem et sed voluptas aut perferendis. Est necessitatibus esse odio quia. Nulla aliquam vel consequuntur."]	47	2018-07-10 17:40:49.9622	2018-07-10 17:40:49.9622	Printing	www.testsite.com	test@test.com	\N
48	Howe, Jaskolski and Monahan	(439) 301-1704	Suite 565 79563 Littel Stream, Braedenstad, DE 20884-9085	77-181-8229	["Dicta ratione non quis et autem possimus dolorem. Cum ut in. Consectetur qui at repudiandae perferendis. Placeat veritatis ea.", "Sit illum commodi voluptates voluptas. Delectus harum temporibus eos corporis voluptatem aliquid aspernatur. Molestiae recusandae cum exercitationem.", "Voluptatem sunt architecto reiciendis. Qui et vel accusantium vero explicabo molestias numquam. Quos corporis sint aut dolorum recusandae nobis magni. Ex quibusdam excepturi quae qui. Consequatur nihil aut sed sunt voluptas a totam."]	48	2018-07-10 17:40:50.232784	2018-07-10 17:40:50.232784	Package / Freight Delivery	www.testsite.com	test@test.com	\N
49	Nienow, Larson and Dicki	(188) 674-5958	Suite 981 5136 Towne Rue, Port Erikmouth, OH 72914	55-957-5967	["Nam ab sed facere est natus earum. Enim nostrum dolores modi totam veniam aut non. Maiores error voluptates. Porro quidem impedit veniam voluptas non asperiores ducimus. Iure porro molestiae voluptates est id exercitationem illo.", "Et voluptatibus distinctio ullam praesentium quos provident eos. Vitae deserunt excepturi. Repellat maxime dicta porro placeat. Quia nobis necessitatibus minima.", "Harum tempora laborum repellat quos doloribus quisquam. Eum sint excepturi earum consectetur et occaecati dolores. Quia vitae quisquam nemo."]	49	2018-07-10 17:40:50.506957	2018-07-10 17:40:50.506957	Telecommunications	www.testsite.com	test@test.com	\N
50	Nienow, Herzog and Schmidt	748-954-7907	Suite 233 459 Quinton Loop, Hollyshire, NV 75346-6698	14-932-9889	["Et est exercitationem unde numquam aut. Nobis voluptas voluptatem ipsum. Cumque et aliquid illum.", "Ad neque maiores possimus odit. Quis repellat dolorem iusto eos iste consectetur. Ratione magnam sit ducimus harum est.", "Officiis odio eaque dolores molestiae magni nihil autem. Veniam tenetur quam porro iure et. Voluptatum minima molestiae nulla reprehenderit nam."]	50	2018-07-10 17:40:50.772596	2018-07-10 17:40:50.772596	Construction	www.testsite.com	test@test.com	\N
51	Spinka LLC	(350) 943-8839	587 Zieme Springs, Lake Jarvisshire, AK 86974	40-952-2213	["Harum adipisci ut. Laudantium aliquid corrupti dolore id ab. Delectus velit similique facilis. Sit iure ipsam placeat omnis possimus porro exercitationem.", "Dolorum voluptates quia corporis deserunt consequuntur eius. Eaque repellat facilis explicabo voluptatibus similique est. Voluptatum nemo quia rerum ea eius voluptas.", "Quis quisquam consequatur id. Voluptas inventore nihil id natus nesciunt corrupti. Quae commodi esse aliquid voluptatibus aut. Similique quaerat expedita eligendi ut quo eaque quibusdam."]	51	2018-07-10 17:40:51.083149	2018-07-10 17:40:51.083149	International Affairs	www.testsite.com	test@test.com	\N
52	Graham Inc	(672) 050-7383	1751 Rhett Cove, East Raphael, MI 87762	69-163-8237	["A mollitia repellat eaque. Aspernatur quia eum fuga omnis. Ratione sunt corporis eum ut quas tenetur eaque.", "Quia repellendus dignissimos quis provident ducimus aut. Minus repudiandae animi. Nam quam rerum. Aut sunt sed.", "Sapiente officiis aut ducimus quae ut perferendis. Ratione magni ea soluta modi asperiores quo ipsam. Earum voluptatum fuga optio quae sit laborum."]	52	2018-07-10 17:40:51.349292	2018-07-10 17:40:51.349292	Wine and Spirits	www.testsite.com	test@test.com	\N
53	Lakin, Carroll and Dietrich	477.105.2893	Suite 236 9006 Zander Highway, North George, MT 51102	75-015-8764	["Exercitationem et est omnis laboriosam sint. Sed voluptatem esse dignissimos. Incidunt assumenda rerum at. Et placeat nihil exercitationem fuga eum error non. Voluptatem doloribus eius minima consequatur.", "Voluptatibus id et. Non qui inventore. Dolores quidem excepturi repellat. Maiores et quisquam ea voluptatem.", "Unde quis cum. Id dolorem eos. Dolorem iste sapiente et et. Consectetur ut blanditiis dolorem alias sit vel optio."]	53	2018-07-10 17:40:51.617575	2018-07-10 17:40:51.617575	Judiciary	www.testsite.com	test@test.com	\N
54	Littel, Heidenreich and Smitham	662-520-4469	Apt. 434 5735 Davonte Skyway, Feilbury, DE 10471	39-974-8583	["Id deserunt veniam aperiam quas quaerat. Aliquam mollitia maxime. Nam nesciunt veritatis.", "Cum inventore nulla odit officiis nihil facere. Dolorem qui nihil quo provident non. Omnis odio maiores quam in quis hic ut.", "Nemo mollitia optio sed pariatur praesentium animi provident. Fugit animi ullam. Aut repellendus qui. Eaque nihil sit ad magnam."]	54	2018-07-10 17:40:51.897974	2018-07-10 17:40:51.897974	Defense & Space	www.testsite.com	test@test.com	\N
55	Crona Group	264-678-3149	Suite 616 4479 Johnpaul Forest, East Rosanna, WV 85481-2727	98-928-9997	["Id nesciunt expedita et tempore nostrum. Asperiores dolor nihil quasi. Eum laborum laboriosam sed. Non est quam velit nam fugiat iste reiciendis. Quia quos tempore nemo sed quia aliquid.", "Perferendis quaerat sed amet et distinctio rem. Expedita est nostrum. Nulla quo rem repellendus deleniti. Qui sed incidunt asperiores repudiandae quae.", "Dicta dolore quis corporis dolorum aut. Soluta dolore nihil quia cum quia rem inventore. Sint sapiente similique aperiam illo nemo dolor consequuntur. Tenetur aut ea sed sit iusto."]	55	2018-07-10 17:40:52.159878	2018-07-10 17:40:52.159878	Staffing and Recruiting	www.testsite.com	test@test.com	\N
56	Okuneva, Conroy and Moore	919.721.5808	Suite 176 60654 Jacobs Loaf, Ashtonburgh, MO 92262-0843	69-972-8378	["Provident harum ipsa est. Laboriosam non quia non occaecati. Ea incidunt inventore. Beatae tempore aperiam adipisci.", "Molestiae amet mollitia qui minus iure et. Quam eos sint natus ut ut quia totam. Tenetur quos explicabo nihil error. Et labore culpa. Aut et vitae rem et.", "Voluptas quo inventore. Impedit dolor quo. Dicta non perferendis rem molestiae adipisci aut voluptatum. Delectus error accusantium excepturi suscipit dicta."]	56	2018-07-10 17:40:52.426323	2018-07-10 17:40:52.426323	Mining & Metals	www.testsite.com	test@test.com	\N
57	Emard, Ritchie and Walsh	580.199.2881	713 Robel Road, North Zacheryborough, RI 29286	42-960-4747	["Dolorem doloribus quod voluptatem quibusdam error. Modi aut fuga voluptatem ab aut assumenda. Laborum voluptatem sit aut rem dolor.", "Eum cumque quisquam quas ab eos. Blanditiis suscipit labore nihil error quo inventore. Laudantium corporis aut.", "Provident suscipit praesentium voluptatem. Hic corporis blanditiis quia possimus harum. Quaerat impedit qui et nihil qui et."]	57	2018-07-10 17:40:52.692435	2018-07-10 17:40:52.692435	Judiciary	www.testsite.com	test@test.com	\N
58	Leannon Inc	351-207-5941	570 Little Park, Bernierborough, DE 81437-5202	62-257-8140	["Voluptas saepe modi necessitatibus autem. Voluptatem cum sit voluptatum maiores nobis. Unde et natus.", "Facilis ut suscipit harum id quaerat quisquam doloribus. In aut sed provident sit optio sit. Qui deserunt rerum magnam saepe sit.", "Similique voluptas velit soluta. Molestiae culpa unde. Sed nemo earum ut tempore."]	58	2018-07-10 17:40:52.958099	2018-07-10 17:40:52.958099	Motion Pictures and Film	www.testsite.com	test@test.com	\N
59	Bailey-Wisoky	559-200-0937	Suite 843 661 Volkman Corners, East Malloryshire, WA 74359-6356	23-035-0594	["Id in dolor nemo ipsa tempore voluptatem quibusdam. Expedita beatae aut esse. Eum provident nihil dicta nobis iusto quia. Quo quia similique illum veritatis. Omnis tenetur sint tempora quis.", "Recusandae voluptatem est dolorem. Quidem perspiciatis ad sed molestiae blanditiis saepe quam. Autem accusantium quas corporis suscipit nesciunt consequatur. Reprehenderit aut molestiae. Nemo corporis facere.", "Eum laborum mollitia. Cum sit unde. Velit qui repudiandae sed expedita in minima eveniet. Cupiditate impedit est. Sapiente iste dicta blanditiis repellat."]	59	2018-07-10 17:40:53.227557	2018-07-10 17:40:53.227557	Gambling & Casinos	www.testsite.com	test@test.com	\N
60	Bergnaum, Davis and Crooks	107-614-8778	Apt. 262 220 Bryce Keys, Merrittfort, WI 92289	67-202-0674	["Rerum cumque ut qui consectetur voluptas. Nesciunt et pariatur possimus vel. Eum eos dolorem et inventore fuga. Error laudantium omnis placeat facilis.", "Deserunt natus ut. Libero reprehenderit ut debitis ea mollitia sequi. Ut officia ea magni beatae voluptas accusamus nulla.", "Consequuntur amet numquam minus et ad. Doloribus enim qui repellat. Temporibus reiciendis dolorem corporis non. Et odit rerum doloribus cum. Ullam quia ut tempora voluptatem aut voluptas."]	60	2018-07-10 17:40:53.504111	2018-07-10 17:40:53.504111	Alternative Medicine	www.testsite.com	test@test.com	\N
61	Connelly-Schmidt	111.493.7280	867 Duane Isle, Jacklynport, LA 95481-2788	59-820-1370	["Labore vel voluptatibus alias. Debitis velit magni quisquam. Voluptatem est maiores quis optio nihil ab. Quia quia delectus. Ipsam cum nobis non eius aut quidem.", "Quos beatae amet atque voluptas et sunt iure. Iure atque consequatur. Perferendis voluptatem repellat asperiores. Et libero hic omnis tempora ut eligendi.", "Sequi nemo nihil enim aut. Tempora fugit neque animi hic ullam. Veniam expedita non commodi eum magni. Ut quisquam aut voluptatum dolorem pariatur."]	61	2018-07-10 17:40:53.779734	2018-07-10 17:40:53.779734	Libraries	www.testsite.com	test@test.com	\N
62	Effertz and Sons	1-170-063-0094	Apt. 881 332 Nicolas Shoal, Purdyhaven, WA 30698	05-557-6115	["Facere doloribus sequi nostrum quo. Quod ut ut repudiandae molestiae fugiat porro. Ut ut voluptates iste error possimus ipsa quo.", "Officiis qui voluptatibus deserunt atque. Praesentium sit consequuntur nesciunt id. Iste dolorem sed est libero. Saepe nihil et aut qui. Ab dolorem nihil doloribus sed animi.", "Sint harum facilis incidunt. Cumque qui autem iusto repellendus qui aut. Expedita eos voluptate."]	62	2018-07-10 17:40:54.047452	2018-07-10 17:40:54.047452	Alternative Dispute Resolution	www.testsite.com	test@test.com	\N
63	Stroman LLC	744-712-5043	Suite 707 2700 Goyette Road, Connton, LA 26901-2456	78-855-8798	["Voluptatem enim ad repudiandae. Aut eaque libero totam ut accusamus. Harum reprehenderit aspernatur. Nihil voluptatem voluptatem. Distinctio aliquid inventore est iste est id tempora.", "Ut illum aut. Autem vel labore voluptatem. Quasi reprehenderit ipsa sed repellat fugiat quae. Omnis ut autem distinctio dolore quas eius ut.", "Excepturi exercitationem est omnis culpa animi. Vitae quaerat quos laboriosam. Quia tenetur ut distinctio qui nam."]	63	2018-07-10 17:40:54.334511	2018-07-10 17:40:54.334511	Legal Services	www.testsite.com	test@test.com	\N
64	Toy LLC	171.179.1638	426 Elenor Valley, West Ludie, MA 42549	08-574-8868	["Facere nulla officiis tenetur assumenda. Sunt inventore est qui et corrupti enim at. Et quidem magni eveniet enim tenetur.", "Eligendi quas quae rerum quisquam quo debitis. Quos aut repudiandae tempore. Minus ut debitis dignissimos.", "Sunt et ad ipsam sint delectus omnis. Hic sequi molestias qui quo. Eum officiis voluptas consectetur."]	64	2018-07-10 17:40:54.600476	2018-07-10 17:40:54.600476	International Trade and Development	www.testsite.com	test@test.com	\N
65	Reynolds-Emard	245.352.8172	Suite 826 6632 Judy Rest, Lake Lillieland, IN 91584-9064	00-793-0094	["Minus a ratione dolores aut. Iure odit impedit aperiam et. Explicabo hic accusantium non eligendi. Dolorum sapiente soluta.", "Provident omnis nostrum delectus ut ex necessitatibus autem. Accusamus ipsam dolores eum. Magnam sint consequatur dolorum ipsam et nostrum ut.", "Est illum eum nobis nesciunt aut ut. Sed ut cumque saepe. Quia aut est quidem labore officiis. Aut soluta delectus non ut. Repudiandae enim autem cum."]	65	2018-07-10 17:40:54.867185	2018-07-10 17:40:54.867185	Veterinary	www.testsite.com	test@test.com	\N
66	Franecki-Morissette	1-952-315-2210	258 Cassin Island, Leschfort, NJ 43349-0915	62-980-3417	["Temporibus nulla aut voluptatem et voluptas quidem. Tempora laudantium blanditiis qui et consectetur totam molestiae. Porro error soluta sunt harum facilis temporibus dicta.", "Nisi amet dolorem expedita quas voluptatem. Perspiciatis cum sed. Est quisquam vel asperiores sint. Qui eaque officia odit. Molestiae id voluptas.", "Eligendi sit iure. Omnis vel provident qui dolores doloribus. Debitis quia saepe quia et quia velit asperiores. Ut aperiam corrupti atque incidunt quaerat."]	66	2018-07-10 17:40:55.151983	2018-07-10 17:40:55.151983	Alternative Medicine	www.testsite.com	test@test.com	\N
67	Crooks, Boyer and Lind	(122) 179-9327	Apt. 354 1699 Lisa Rue, South Mariam, AZ 31525-1866	45-967-1335	["Adipisci amet laborum error. Tempora labore cupiditate dolorum architecto. Odio quisquam ullam optio commodi deleniti. Sit libero nobis.", "Officia a eos. Impedit perspiciatis eos. Qui quisquam quo sed omnis quo. Fugiat vero sed dolor hic voluptatem. Ipsum quia sint ipsa temporibus quia odio eius.", "Molestiae dignissimos voluptas. Sunt sit molestias et fugit iste sapiente. Beatae molestiae dolorum accusantium laboriosam sed. Voluptatem aut sint consequuntur perferendis a vitae harum."]	67	2018-07-10 17:40:55.433152	2018-07-10 17:40:55.433152	Hospitality	www.testsite.com	test@test.com	\N
68	Emmerich Group	686-024-3781	Apt. 149 6199 Cary Rapid, Beerbury, UT 39117	14-039-3443	["Laudantium voluptatem modi consequatur. Necessitatibus culpa sed perferendis. Omnis soluta ut quasi quod. A aspernatur architecto. Ut voluptatem praesentium incidunt.", "Aliquam temporibus reprehenderit officiis eius voluptatem eos. Omnis labore sunt tenetur. Nulla omnis itaque.", "In ducimus error et omnis labore et. Veniam harum fuga laborum ut. Dolor quo quia aliquam enim."]	68	2018-07-10 17:40:55.7116	2018-07-10 17:40:55.7116	Environmental Services	www.testsite.com	test@test.com	\N
69	Bartell Group	1-807-476-7925	77116 Schinner Summit, Daltonport, WA 43797	22-372-1195	["Quia est quod. Maiores incidunt et ut et consequuntur. Earum tenetur provident est ut. Est voluptatem aut et.", "A sapiente voluptatem nesciunt corrupti quia vel. Deleniti dicta nisi eligendi aut quidem voluptas molestias. Porro consequatur ex qui dolor qui minima aut. Ut veniam eligendi sint sit in odit et. Quis excepturi accusantium.", "Debitis nostrum enim accusamus. Officia ex ad enim ut consequatur praesentium. Voluptatibus eaque excepturi eos dolores. Delectus sed omnis eius quo amet exercitationem repellat. Qui explicabo et magni."]	69	2018-07-10 17:40:56.753178	2018-07-10 17:40:56.753178	Dairy	www.testsite.com	test@test.com	\N
70	Altenwerth, Turcotte and Huels	694.769.6282	Suite 701 7308 Abshire Ports, Harrystad, VT 30697	04-310-4615	["Veniam id neque tempore. Alias nihil dolores. Minus recusandae distinctio est. Deserunt illo aliquid nihil blanditiis porro nam. Occaecati temporibus id possimus dolores et totam.", "Et quo quia. Sed adipisci laudantium sed facere ea. Nam autem aut enim est voluptatibus maiores. Deserunt cum dolores ad ea tempore maxime. Facere laudantium reiciendis neque.", "Animi earum qui voluptas. Eaque iusto est et. Quidem reprehenderit maxime natus asperiores. Sunt voluptatem a laborum in."]	70	2018-07-10 17:40:57.02109	2018-07-10 17:40:57.02109	Information Technology and Services	www.testsite.com	test@test.com	\N
71	Hane LLC	1-691-584-1771	Apt. 579 3561 Denesik Bridge, Fionafort, MT 64399-5805	27-586-1724	["Numquam aliquid corporis voluptatem ut. Et similique odio nostrum labore odit. Totam voluptas aut soluta sed repudiandae error et. Aliquam maxime sequi aut voluptatem eaque nobis in. Et nobis omnis quae impedit.", "Cumque ad debitis libero totam consequatur natus. Aut maxime quia adipisci corporis neque ut fugit. Quaerat dolore consequatur quos.", "Ratione qui quos fuga laudantium. Earum illum vitae consequuntur aperiam explicabo. Voluptatem ullam et officia cumque molestiae ut. Fuga qui cumque vero vel."]	71	2018-07-10 17:40:57.297048	2018-07-10 17:40:57.297048	Capital Markets	www.testsite.com	test@test.com	\N
72	Casper LLC	217.925.2234	2895 Lubowitz Lane, Port Angusbury, GA 92091-8714	34-372-6732	["Vero unde tempora dolores. Et cupiditate quia voluptatem. Libero et quia. Ut totam cupiditate omnis voluptate.", "Quia voluptates vero voluptatem dolor. Laborum dolores est explicabo nam. Id vel et rerum sit totam fuga perferendis. Atque quia rem itaque iusto facere. Non nemo qui ut et qui dignissimos.", "Nisi explicabo tempora ipsam quidem totam eos dicta. Minus enim est atque dolorem omnis ratione. Autem dolor iste quo."]	72	2018-07-10 17:40:57.552236	2018-07-10 17:40:57.552236	Computer Networking	www.testsite.com	test@test.com	\N
73	Collins, Mosciski and Abbott	962.466.4249	292 Ferry Hills, Janview, VT 34874-7034	10-268-8278	["Debitis enim beatae provident voluptate ad sint. Alias sit at maxime minima. Inventore veritatis voluptates explicabo sed consequuntur minus est.", "Est dolorem perferendis maiores molestias tempore. Molestiae et quod maxime. Ullam eveniet illo quia adipisci molestiae magni et. Debitis nam amet officia qui nesciunt laboriosam eos. Magnam voluptas placeat perferendis quo architecto.", "Ut sequi fuga et. Fugit soluta voluptatum corrupti omnis reiciendis reprehenderit. Omnis blanditiis ducimus aut. Praesentium unde beatae debitis sit. Ut sint et aspernatur sunt."]	73	2018-07-10 17:40:57.807859	2018-07-10 17:40:57.807859	Leisure, Travel & Tourism	www.testsite.com	test@test.com	\N
74	Stokes, Swaniawski and Bauch	1-543-087-3563	9731 Kurt Bridge, Westbury, MN 97653	88-945-1664	["Minima sint cumque. Itaque tempora unde possimus. Modi aliquam tempore consequuntur quibusdam natus repudiandae. Recusandae id itaque sint et quia porro. Minima adipisci quidem.", "Accusantium fugiat beatae error. Soluta pariatur cum qui ipsa. Dolor et ipsam. Perferendis sequi iusto eveniet similique est a. Similique excepturi rerum et nulla delectus.", "Adipisci quisquam aut. Laborum molestiae aut illum fugit esse in reprehenderit. Iure quam explicabo dolor inventore."]	74	2018-07-10 17:40:58.075296	2018-07-10 17:40:58.075296	Human Resources	www.testsite.com	test@test.com	\N
75	Goodwin Inc	(271) 287-6818	Apt. 104 832 Stan Rapid, Lake Victoriafort, ID 32887-7741	84-540-7782	["Eaque ut excepturi vitae qui voluptas aut amet. Id magnam occaecati ratione. Sit quia tempore dolorum porro delectus voluptatem distinctio. Sit et qui eum ratione delectus aut. Est adipisci non sint consequuntur.", "Quas minima eos blanditiis voluptatum recusandae repudiandae. Dicta sed et voluptates laboriosam excepturi et. Nisi consequatur reiciendis impedit. Earum repellendus quod itaque non exercitationem.", "Id sint eligendi consequatur quidem. Facere incidunt quasi iste tempora qui veniam eos. Omnis corrupti ducimus error dolore dignissimos officiis."]	75	2018-07-10 17:40:58.341979	2018-07-10 17:40:58.341979	Electrical / Electronic Manufacturing	www.testsite.com	test@test.com	\N
76	Torphy Inc	(307) 242-4654	2910 Prince Corners, West Marcoton, MS 28180-1334	74-633-8845	["Rem et laborum rerum aspernatur ullam earum beatae. Neque perspiciatis laudantium quisquam officia praesentium culpa. Cumque odio at est. Iusto vel voluptatem voluptatibus aliquid.", "Dolore dolor mollitia aliquam non. Reiciendis doloribus earum. Aut eum ut consectetur in dolorem quaerat ut. Natus rem blanditiis.", "Ad est debitis exercitationem placeat ut occaecati. Accusamus sunt aliquid nihil. Et et labore ipsam."]	76	2018-07-10 17:40:58.617218	2018-07-10 17:40:58.617218	Environmental Services	www.testsite.com	test@test.com	\N
77	Terry Group	1-584-340-2319	20716 Onie Inlet, South Emelyfurt, NY 67500-0708	87-169-9100	["Dolores aut qui. Quae molestiae neque et autem officia qui. Nihil vel hic mollitia et sunt rem quia. Consequatur laborum qui ullam dicta beatae earum. Et labore quia nisi quidem.", "Expedita reprehenderit ea. Aut reprehenderit non voluptas ab rerum velit. Quia corporis illo architecto veritatis.", "Porro odio nobis. Id amet dolores. Occaecati omnis ad voluptas eligendi. Nisi deserunt consequatur dolorum sequi cupiditate quaerat."]	77	2018-07-10 17:40:58.872534	2018-07-10 17:40:58.872534	Philanthropy	www.testsite.com	test@test.com	\N
78	Carroll, Halvorson and Bernhard	(242) 543-5609	8245 Carlee Streets, McGlynntown, ME 69465	88-826-2986	["A voluptatem pariatur minima enim in praesentium nihil. At laborum et repellendus labore. Et ut molestiae quis voluptatem voluptate voluptatem natus. Qui et qui ad eaque ut vel. Officiis tempora eum voluptatum dicta repellat.", "Omnis occaecati natus dolorum quia nihil voluptatem. Laboriosam non et minus. Aut est nesciunt fugit sequi.", "Provident et accusantium. Eligendi autem et veritatis voluptas deserunt sequi. Rem sed error odit quis eos."]	78	2018-07-10 17:40:59.129223	2018-07-10 17:40:59.129223	Capital Markets	www.testsite.com	test@test.com	\N
79	Parisian-Swaniawski	(451) 883-6708	398 Elena Common, Veumbury, NV 51059	31-495-2597	["Iusto pariatur similique nobis. Enim necessitatibus dicta tempora. Tempora est quaerat.", "Asperiores et a qui. Sequi officia nobis vel. Aperiam illo incidunt.", "Omnis sed qui temporibus rem delectus dolores. Dignissimos enim aut perferendis voluptatem non consequatur dolorem. Expedita molestiae in vel corrupti nobis sint quia. Dignissimos dolorem quis voluptatem ea id non voluptatem."]	79	2018-07-10 17:40:59.405079	2018-07-10 17:40:59.405079	Airlines / Aviation	www.testsite.com	test@test.com	\N
80	Kertzmann-Dickinson	662-792-2363	71391 Lind Grove, Saraistad, OH 15314-3374	76-867-1414	["Voluptatum et consectetur ullam id repudiandae. Molestiae ut enim quas minima. Vitae possimus quaerat maxime neque recusandae molestiae. Suscipit voluptatum nisi non.", "Deserunt error possimus enim suscipit aut cumque consequuntur. Voluptatem unde voluptas velit quasi. Quia repellendus consequuntur incidunt quod dolore officiis at.", "Eum sit et vitae. Quia consectetur molestias. Nulla quibusdam molestiae vel quod. Omnis quam eligendi dolores. Vel quos exercitationem non."]	80	2018-07-10 17:40:59.673545	2018-07-10 17:40:59.673545	Political Organization	www.testsite.com	test@test.com	\N
81	Medhurst Group	270-452-6527	97398 Ashlynn Vista, West Rahul, NV 52032-2713	87-377-8131	["Animi labore hic. Voluptatem hic aut aut delectus ut temporibus quia. Voluptas aut aliquid magni dolor exercitationem dolorem. Molestiae aut voluptatem minima explicabo.", "Ducimus blanditiis ipsa qui laudantium autem consectetur natus. Consectetur cumque et vitae molestiae qui. Ea commodi et ut minus saepe. Maiores sit est perspiciatis magnam numquam.", "Delectus aut et vel et dolor. Modi odio aut qui reprehenderit dolor. Debitis officia recusandae eum. Dolorum cum sequi non. Pariatur modi officia rerum vitae."]	81	2018-07-10 17:40:59.949051	2018-07-10 17:40:59.949051	Individual & Family Services	www.testsite.com	test@test.com	\N
82	Raynor, Reilly and Brakus	387.425.0255	57599 Blanda Wells, Westbury, KS 73896-9686	06-510-7429	["Quasi vero ab sint maiores. Debitis quam quis est provident qui. Adipisci eos et.", "Tempora eaque perspiciatis laboriosam explicabo. Ad sed eius. Voluptates illum iste qui doloremque aut eum. Aut earum numquam fugiat. Veniam facere ipsum quam quis aut officiis quibusdam.", "Sequi quisquam in eveniet nulla magni ab voluptatibus. Et perferendis eum. Voluptas nisi laboriosam minima omnis debitis. Eligendi architecto quidem omnis. Quam distinctio accusamus numquam."]	82	2018-07-10 17:41:00.204508	2018-07-10 17:41:00.204508	Printing	www.testsite.com	test@test.com	\N
83	Ryan, Von and Dooley	901-697-3986	Suite 201 225 Tromp Groves, Port Paxtonland, AZ 59234	05-585-5511	["Itaque maxime incidunt ea quisquam eum praesentium. Voluptates qui et. Aut natus autem a. Sapiente quae quo non temporibus id.", "Quia quo quo commodi voluptates autem. Qui id voluptas tempore assumenda. Aut unde qui perferendis. Sit animi mollitia enim officia minima voluptatum sed. Aut rerum voluptatem.", "Ut culpa tenetur aliquid rerum. Maiores asperiores ducimus qui omnis qui. Officiis voluptates error et perferendis."]	83	2018-07-10 17:41:00.475261	2018-07-10 17:41:00.475261	Writing and Editing	www.testsite.com	test@test.com	\N
84	Terry-Ratke	302-820-3713	105 Kamille Alley, Wizaview, MT 23424-1510	98-019-4447	["Facilis omnis mollitia suscipit laborum voluptates odio. Ut totam occaecati necessitatibus nostrum sed aliquid. Ipsa fugiat vel occaecati iusto praesentium nemo deleniti. Qui sint suscipit voluptatibus neque fugiat ipsum. Est dicta ratione ducimus porro enim nesciunt.", "Aperiam ut porro quis velit aut. Id repellat sunt consequatur optio. Iure atque est beatae.", "Impedit quasi inventore vel eaque. A nemo et voluptate. Sed et deserunt ea eum qui. Quia minus voluptas."]	84	2018-07-10 17:41:00.749167	2018-07-10 17:41:00.749167	Printing	www.testsite.com	test@test.com	\N
85	Wisozk, Hoeger and Considine	349-849-3012	Apt. 798 2764 Graham Burg, Reynoldsland, AZ 71427	68-315-1870	["Voluptate maxime aspernatur numquam quas sint. Quasi harum sequi ex iste. Dolore voluptates non harum occaecati earum quas.", "Repellendus modi illum et laudantium. Modi numquam corporis porro ut eaque repellat accusantium. Optio ut est animi saepe. Quis perspiciatis iure laborum molestiae est rerum. Voluptas et exercitationem quod reiciendis aliquid harum eius.", "Non officiis qui a. Eaque consequatur quia quo. Non est at amet veritatis dolorem."]	85	2018-07-10 17:41:01.038308	2018-07-10 17:41:01.038308	Photography	www.testsite.com	test@test.com	\N
86	Lemke-O'Conner	(653) 432-7597	71302 Heber Bypass, North Ladariuschester, SD 20604-6552	05-937-6980	["Aut excepturi nam et. Voluptatem similique et. Dignissimos distinctio et omnis tempora beatae. Qui molestiae consequatur autem in.", "Nostrum quia est doloremque. Necessitatibus voluptatem quisquam ea harum amet. Qui laborum soluta distinctio possimus.", "Quaerat cum eius. Sit tenetur repudiandae eos eum harum veniam sed. Voluptates id vero quia corporis quo reprehenderit molestiae."]	86	2018-07-10 17:41:01.313854	2018-07-10 17:41:01.313854	Legislative Office	www.testsite.com	test@test.com	\N
87	Grant, Altenwerth and Aufderhar	894.706.2024	Apt. 778 128 Kovacek Village, Dockchester, CA 68755-0639	50-424-9078	["Quas dolores soluta qui. Neque quis eligendi beatae dolorum nihil et quidem. Velit dolor neque molestias eius voluptatem.", "Inventore et nihil. Iste provident molestiae sit et labore. Dolore et voluptatem quis aspernatur id autem. Officiis iusto est autem modi deleniti ducimus.", "Eius expedita eum dolorum. Necessitatibus dicta illum harum. Quam libero nobis vero."]	87	2018-07-10 17:41:01.581392	2018-07-10 17:41:01.581392	Commercial Real Estate	www.testsite.com	test@test.com	\N
88	Von Inc	458-786-2113	Suite 401 26486 Ziemann Parkway, Marlinmouth, TN 42803	49-687-6394	["Maxime eos laboriosam eum aliquid. Totam corrupti enim id natus. Amet voluptate quibusdam iusto necessitatibus est consequatur sed. Quaerat soluta enim voluptatem odio ipsum.", "Rerum voluptates ex esse eum rem quo. Sequi vel et nesciunt nihil a voluptatem exercitationem. Similique aut eius quia sit. Ea aperiam deleniti sunt est voluptates. Illo deleniti tempore provident aspernatur rerum.", "Quod et sunt non iusto nisi. Vero corrupti quis. Exercitationem nihil nobis rerum totam voluptatem fuga."]	88	2018-07-10 17:41:01.857293	2018-07-10 17:41:01.857293	Market Research	www.testsite.com	test@test.com	\N
89	Deckow, Quitzon and Dare	805.434.9730	Suite 668 5280 Hills Extension, Boscoview, KY 46784-6531	82-191-9703	["Exercitationem ipsam iusto optio et praesentium nostrum corrupti. Exercitationem non harum autem aut consequatur. Molestiae sed autem at maxime blanditiis delectus.", "Neque delectus ullam. Reprehenderit velit eos eius maiores nihil. Magni asperiores cumque.", "Numquam est et libero qui atque. Perferendis omnis quos qui sit officiis itaque. Ab harum consequatur nesciunt."]	89	2018-07-10 17:41:02.119608	2018-07-10 17:41:02.119608	Nonprofit Organization Management	www.testsite.com	test@test.com	\N
90	Mohr Inc	(664) 012-1355	5022 Volkman Rapids, New Rosaliastad, KY 24611	01-059-2369	["Molestiae impedit aut quam sint dolorem soluta sed. Tenetur et officia fugit consequatur. Voluptate distinctio enim et qui nostrum sed animi. Vero soluta aut est. Autem ut consequatur.", "Aut omnis et nisi praesentium velit. Sed illo consequatur delectus accusamus et. Molestiae illum qui rerum aut ea.", "Odio vero est omnis ea accusantium minus at. Repellat et sed. Ea ut et. Suscipit ab voluptatibus officiis autem at voluptatem sed. Ducimus repellendus harum error porro vitae quia dolore."]	90	2018-07-10 17:41:02.390081	2018-07-10 17:41:02.390081	Publishing	www.testsite.com	test@test.com	\N
1	Marks Own	(431) 407-9625	861 Hertha Motorway, Swaniawskichester, NM 60485	91-507-5499	<p>[&quot;Aliquam sit labore necessitatibus voluptatem quo. Et ad debitis aut et voluptatem accusantium similique. Repudiandae nemo autem. Fugiat cumque perspiciatis qui nostrum ab consequatur. Et hic natus adipisci voluptatem.&quot;, &quot;Labore necessitatibus accusamus incidunt minus. Veniam nulla quia consequatur nostrum numquam. Qui temporibus nostrum at voluptatem nihil itaque eius. Asperiores voluptas aspernatur cum fuga cumque nihil omnis. Alias commodi soluta.&quot;, &quot;Non recusandae maiores cum minus consequatur provident accusantium. Pariatur molestias numquam est itaque soluta. A velit atque est. Iste perspiciatis occaecati veritatis voluptatem tempore. Quos sit id in natus cum.&quot;]</p>\r\n	1	2018-07-10 17:40:37.104526	2018-07-11 14:21:29.782116	Publishing	www.testsite.com	test@test.com	\N
91	new company	9876544	patan	123123123123		91	2018-07-13 14:26:55.495308	2018-07-13 16:28:00.947578	IT	www.newcompnay.com	contact@newcompany.com	\N
\.


--
-- Name: recuitor_profiles_id_seq; Type: SEQUENCE SET; Schema: public; Owner: -
--

SELECT pg_catalog.setval('public.recuitor_profiles_id_seq', 91, true);


--
-- Data for Name: recuitors; Type: TABLE DATA; Schema: public; Owner: -
--

COPY public.recuitors (id, email, encrypted_password, reset_password_token, reset_password_sent_at, remember_created_at, sign_in_count, current_sign_in_at, last_sign_in_at, current_sign_in_ip, last_sign_in_ip, created_at, updated_at, confirmation_token, confirmed_at, confirmation_sent_at, unconfirmed_email) FROM stdin;
97	ranjan1@gm.com	$2a$11$UxLN0MmBsUU7y731sf1AF.w908hPb.TaQLqKsOHaf8viXQTpBuW.e	\N	\N	\N	0	\N	\N	\N	\N	2018-09-04 06:33:53.010756	2018-09-04 06:33:53.010756	euAuQto7phJuJkFBc8D-	\N	2018-09-04 06:33:53.010988	\N
98	ranjan1@gm.com0	$2a$11$ULBBW3k/CpqcdlZIYdUFsORbeBwMroVtmzwHZFCAN8m59dB3we9P2	\N	\N	\N	0	\N	\N	\N	\N	2018-09-04 06:34:42.968358	2018-09-04 06:34:42.968358	ixU6yWFGrzZVzKCu6HK3	\N	2018-09-04 06:34:42.968589	\N
109	fas11@asdf.com	$2a$11$3S1tauzGg1MGjUI4DgCWmem1IauRhNcDEsdOvIOETQA6KoIbG5o3S	\N	\N	\N	1	2018-09-04 06:56:57.902832	2018-09-04 06:56:57.902832	127.0.0.1	127.0.0.1	2018-09-04 06:55:20.011229	2018-09-04 06:56:57.903668	ZnxWj71Crcsoxo_EgHxx	2018-09-04 06:56:57.835622	2018-09-04 06:55:20.011445	\N
110	fasdf@asd.com	$2a$11$4NGgJT1pQBdEuy2ftq5gyOZ6cQxvecaff1LqWQArPZRq0ARkLY0LC	\N	\N	\N	1	2018-09-04 06:58:16.502435	2018-09-04 06:58:16.502435	127.0.0.1	127.0.0.1	2018-09-04 06:58:05.06459	2018-09-04 06:58:16.503314	9uYezwdZAarKoVE9cSwT	2018-09-04 06:58:16.480095	2018-09-04 06:58:05.064987	\N
111	dfa@afds.ocm	$2a$11$XuhHuliKyUMW2kPiRLnlael.Trl13nWB86KvLTuVtycZZC0ju8LvK	\N	\N	\N	1	2018-09-04 06:59:22.5529	2018-09-04 06:59:22.5529	127.0.0.1	127.0.0.1	2018-09-04 06:59:18.384587	2018-09-04 06:59:22.553864	w4MGZbXUhVTv22pzHcQA	2018-09-04 06:59:22.523099	2018-09-04 06:59:18.384797	\N
112	fa@asdf.com	$2a$11$BdEMlLfrsFh5FlBXPjmjE.6hQ9jvagMUDukxjfpaWZRzb/xjC3sDi	\N	\N	\N	1	2018-09-04 07:00:31.799005	2018-09-04 07:00:31.799005	127.0.0.1	127.0.0.1	2018-09-04 07:00:26.827571	2018-09-04 07:00:31.799799	y6vrS6zGUzRFi3GFvKR6	2018-09-04 07:00:31.772018	2018-09-04 07:00:26.8281	\N
2	orlando_gottlieb@steuber.org	$2a$11$t2I/UdiY.Src96LUvC9PYuJbzQbJ5FW8Ku.d7Eh4A.es01XP9M8v6	\N	\N	\N	0	\N	\N	\N	\N	2018-07-10 17:40:37.355935	2018-07-10 17:40:37.355935	\N	2018-09-04 06:32:01.762462	\N	\N
99	raaaa@rr.com	$2a$11$vSZ/pn3WUuIAS5TLQyqGmuP5UmFE0kFnjTSVbG83EUg4gLL0Og1Eq	\N	\N	\N	0	\N	\N	\N	\N	2018-09-04 06:35:29.954009	2018-09-04 06:35:29.954009	xzypHam7dF-cNZ4m3m8R	\N	2018-09-04 06:35:29.954236	\N
100	rarara@rara.com	$2a$11$vtaW10H2frHZsUPFgrfzrO/zTXU9jPGraHQ7uzEwD9zeNlnUA1Gtq	\N	\N	\N	0	\N	\N	\N	\N	2018-09-04 06:36:17.268943	2018-09-04 06:36:17.268943	12ny2Wsg7VpV2YzvT3y-	\N	2018-09-04 06:36:17.269152	\N
101	rr@rr.com	$2a$11$NRTFOEQzD6ZtNMWM3RqsDOAOtIkRaUNtCcjkdBRQBp1mMSmvKBGHy	\N	\N	\N	0	\N	\N	\N	\N	2018-09-04 06:37:37.200395	2018-09-04 06:37:37.200395	AnEMtyn2kmtyQHxpNywb	\N	2018-09-04 06:37:37.200564	\N
102	r1r@rr.com	$2a$11$xgVSiH..h3dNybXOfj4co.TSKiiIaE9c9AGMW2YS0GJZxbezl7pge	\N	\N	\N	1	2018-09-04 06:40:46.415991	2018-09-04 06:40:46.415991	127.0.0.1	127.0.0.1	2018-09-04 06:40:46.399949	2018-09-04 06:40:46.417198	\N	\N	\N	\N
103	ra1@ra.com	$2a$11$7c/TaXXq66ldPrSTtnvm8uOMsvg.f3E6SGV3RJLmfHWdZiRf4weE2	\N	\N	\N	1	2018-09-04 06:41:05.388785	2018-09-04 06:41:05.388785	127.0.0.1	127.0.0.1	2018-09-04 06:41:05.376274	2018-09-04 06:41:05.390001	\N	\N	\N	\N
104	rarara@12.com	$2a$11$qMFEiawkkWDs4k/ceeGLWeAV1l1FPtNhmu4HBGbpp/ZTlFW3A8AJq	\N	\N	\N	1	2018-09-04 06:42:03.860712	2018-09-04 06:42:03.860712	127.0.0.1	127.0.0.1	2018-09-04 06:42:03.835084	2018-09-04 06:42:03.861466	\N	\N	\N	\N
3	bernita@lehnercrona.com	$2a$11$tSAK9jnkW4.jKn.FDemtzuAPR83umqZWfmiBqp3MCIIoy.zCtP536	\N	\N	\N	0	\N	\N	\N	\N	2018-07-10 17:40:37.635496	2018-07-10 17:40:37.635496	\N	2018-09-04 06:32:01.762462	\N	\N
4	felipa.nienow@schaefer.co	$2a$11$v8sbZ6quCYN8Y2DjTw3i8Ov1YaEFI23Hx12A0J3G5QdngJ5TQNSei	\N	\N	\N	0	\N	\N	\N	\N	2018-07-10 17:40:38.008434	2018-07-10 17:40:38.008434	\N	2018-09-04 06:32:01.762462	\N	\N
5	lee.schumm@boganbreitenberg.com	$2a$11$isNvfLX6r8zTUAWWekWKDOpU78ON4zWLzfLw14/AKhaokG88lYJoa	\N	\N	\N	0	\N	\N	\N	\N	2018-07-10 17:40:38.326125	2018-07-10 17:40:38.326125	\N	2018-09-04 06:32:01.762462	\N	\N
6	arlie.runolfsdottir@schiller.info	$2a$11$t4FbOlPNaQhofvsvEnRyFutKzCwRNqwf8KAjTJa5iO5BRKjbiWGVy	\N	\N	\N	0	\N	\N	\N	\N	2018-07-10 17:40:38.602223	2018-07-10 17:40:38.602223	\N	2018-09-04 06:32:01.762462	\N	\N
7	hobart_bahringer@ankunding.biz	$2a$11$rgfYJtOummQRTz2zFc8a3OhPE8oxGyqdMZm8pEoUrXM3CVyDieNvu	\N	\N	\N	0	\N	\N	\N	\N	2018-07-10 17:40:38.888138	2018-07-10 17:40:38.888138	\N	2018-09-04 06:32:01.762462	\N	\N
8	rashawn@ritchie.org	$2a$11$azUFbI/a.v6BshDPZLb1JOip/CtuIfny6bakDzO5F.tLQ33yrnaDm	\N	\N	\N	0	\N	\N	\N	\N	2018-07-10 17:40:39.172705	2018-07-10 17:40:39.172705	\N	2018-09-04 06:32:01.762462	\N	\N
9	christelle_olson@shields.co	$2a$11$O/81.xYYde.0gkFbo3kYwe5WHstN4yakYMlCDaOYKHMVyTOTC4vpW	\N	\N	\N	0	\N	\N	\N	\N	2018-07-10 17:40:39.433446	2018-07-10 17:40:39.433446	\N	2018-09-04 06:32:01.762462	\N	\N
10	karolann.buckridge@bogan.io	$2a$11$pfvlDodhK/uhsvo71JK5GuTXgeOvPwqJDIRX7wO8Hgsu429AI9BIK	\N	\N	\N	0	\N	\N	\N	\N	2018-07-10 17:40:39.75516	2018-07-10 17:40:39.75516	\N	2018-09-04 06:32:01.762462	\N	\N
11	neil@mante.io	$2a$11$HZL4ibSCcvsCn64I0O/IFuQRfRLBMonH9qFiJjXsSFIKbWdn6eF.2	\N	\N	\N	0	\N	\N	\N	\N	2018-07-10 17:40:40.01412	2018-07-10 17:40:40.01412	\N	2018-09-04 06:32:01.762462	\N	\N
12	jarvis_kiehn@hirthe.io	$2a$11$g96b3OFWzkiGWd1Plpkzh.9IV62wLh6JfcA1240fCFMA1WRux4X.S	\N	\N	\N	0	\N	\N	\N	\N	2018-07-10 17:40:40.29841	2018-07-10 17:40:40.29841	\N	2018-09-04 06:32:01.762462	\N	\N
13	dino@deckowfeest.co	$2a$11$fRnrT.E8czaN72dktBvCLOiwCzD21XpQHhDsPPxjoRA7SuVBLf5Ui	\N	\N	\N	0	\N	\N	\N	\N	2018-07-10 17:40:40.566102	2018-07-10 17:40:40.566102	\N	2018-09-04 06:32:01.762462	\N	\N
14	jannie@schamberger.co	$2a$11$PoCU4JieqdHOOcRl39GZUuWjeohxiv2dBeRNwXKZ6v.WK9IcGSDgO	\N	\N	\N	0	\N	\N	\N	\N	2018-07-10 17:40:40.832108	2018-07-10 17:40:40.832108	\N	2018-09-04 06:32:01.762462	\N	\N
15	ashly_zemlak@berge.io	$2a$11$QTz98zpqctrXOaKiRoHDs.F.C7OJ5jox5FbrlZjTb2/c7.WXc87c6	\N	\N	\N	0	\N	\N	\N	\N	2018-07-10 17:40:41.51916	2018-07-10 17:40:41.51916	\N	2018-09-04 06:32:01.762462	\N	\N
16	genevieve@ziemannarmstrong.name	$2a$11$7jza8K/.3IApSMA3MD7ORe0yVeEvZtUSKocIw3.F1IgqbIRRbdRsi	\N	\N	\N	0	\N	\N	\N	\N	2018-07-10 17:40:41.774445	2018-07-10 17:40:41.774445	\N	2018-09-04 06:32:01.762462	\N	\N
17	willis.bednar@altenwerthmitchell.net	$2a$11$JGtFElBKl4T3PKQziHptpuwoAvpviJoQbK/K3ingdX9cTiTYeWM2i	\N	\N	\N	0	\N	\N	\N	\N	2018-07-10 17:40:42.030433	2018-07-10 17:40:42.030433	\N	2018-09-04 06:32:01.762462	\N	\N
18	sadye_denesik@nitzschecrooks.info	$2a$11$nbafi1O/snrA3CnREJT3oOdexAFN2ZMlcj8FhekhI.896i40P/aF6	\N	\N	\N	0	\N	\N	\N	\N	2018-07-10 17:40:42.285976	2018-07-10 17:40:42.285976	\N	2018-09-04 06:32:01.762462	\N	\N
19	edyth_heller@flatleyreichel.org	$2a$11$OOkaT0Fjw44jj2OrR0kh4uAfIG4DndCcdSY.jMHwpH0mid9/TxhV2	\N	\N	\N	0	\N	\N	\N	\N	2018-07-10 17:40:42.53999	2018-07-10 17:40:42.53999	\N	2018-09-04 06:32:01.762462	\N	\N
20	jettie_mayert@franeckibosco.info	$2a$11$k.cQca/7n2CNhybCFosM/OX2YMV9o7wzVS2VxcVb.mWuQv.D3Ut1q	\N	\N	\N	0	\N	\N	\N	\N	2018-07-10 17:40:42.79636	2018-07-10 17:40:42.79636	\N	2018-09-04 06:32:01.762462	\N	\N
21	helga@luettgenstokes.biz	$2a$11$sTqYm5MFvoWNe5u5jItGE.n0maHnfpzz.2Jp66e7CSL8IbCw8oiV.	\N	\N	\N	0	\N	\N	\N	\N	2018-07-10 17:40:43.051315	2018-07-10 17:40:43.051315	\N	2018-09-04 06:32:01.762462	\N	\N
22	terrill@gottlieb.io	$2a$11$Iim8a158p4AYmRjDK5Vw0ugNkyPUNTLYS.Uy4RtyprypzMynR6BeW	\N	\N	\N	0	\N	\N	\N	\N	2018-07-10 17:40:43.317501	2018-07-10 17:40:43.317501	\N	2018-09-04 06:32:01.762462	\N	\N
23	annie@medhurstblock.co	$2a$11$3L3iK9AxBfi74M2/QufNweqX3OWaCm4zhnQS3Os3atWet.jXL5mwO	\N	\N	\N	0	\N	\N	\N	\N	2018-07-10 17:40:43.572252	2018-07-10 17:40:43.572252	\N	2018-09-04 06:32:01.762462	\N	\N
24	eda@murraywintheiser.org	$2a$11$jQRYOLQSOZBmmKpnfQ0Vv.ye/gza0TyW61z2ZbCPhmOz06WRR3Mq.	\N	\N	\N	0	\N	\N	\N	\N	2018-07-10 17:40:43.826673	2018-07-10 17:40:43.826673	\N	2018-09-04 06:32:01.762462	\N	\N
25	letha@cormier.name	$2a$11$v/dqYfgX7W7i6kuNOrG1veM1k9UDMthe4ci7gzxIllj32y8.DeRyu	\N	\N	\N	0	\N	\N	\N	\N	2018-07-10 17:40:44.081876	2018-07-10 17:40:44.081876	\N	2018-09-04 06:32:01.762462	\N	\N
26	florida@wehnerbrown.co	$2a$11$GT321uI3573.D1HICukU.O55mpHB/RZcB.ezTOrj9tj4321xPYRke	\N	\N	\N	0	\N	\N	\N	\N	2018-07-10 17:40:44.33755	2018-07-10 17:40:44.33755	\N	2018-09-04 06:32:01.762462	\N	\N
27	lola_howell@hermannernser.biz	$2a$11$csq7fU1Rj2EsLFHhqIfJUOw/InM4vEt0SsmdTUD4pUlqei6n.W2W6	\N	\N	\N	0	\N	\N	\N	\N	2018-07-10 17:40:44.614556	2018-07-10 17:40:44.614556	\N	2018-09-04 06:32:01.762462	\N	\N
28	lenore@ernser.com	$2a$11$LxtbGGSKwID1fRWIRwQRm.vyX8wzgVwqbQWQ4qoyE8PYXRNWR0GQ6	\N	\N	\N	0	\N	\N	\N	\N	2018-07-10 17:40:44.880999	2018-07-10 17:40:44.880999	\N	2018-09-04 06:32:01.762462	\N	\N
29	tyrel.satterfield@ratkeschowalter.co	$2a$11$QZ3xE1GXfOshwalc7S1uTuvqbqTxJFugVBo7h3pFEG9pOL5BHBSdC	\N	\N	\N	0	\N	\N	\N	\N	2018-07-10 17:40:45.158177	2018-07-10 17:40:45.158177	\N	2018-09-04 06:32:01.762462	\N	\N
30	destiny.witting@leffler.co	$2a$11$NRzW5.RTMt867yT6ijM6U.l6whzGdLeQMaXAJ2hpzWB79SRvesnPi	\N	\N	\N	0	\N	\N	\N	\N	2018-07-10 17:40:45.413483	2018-07-10 17:40:45.413483	\N	2018-09-04 06:32:01.762462	\N	\N
31	aryanna.ledner@blick.info	$2a$11$2yU0rf0HCe43RlQtxQAm8O7rC8z0xmSYiO/f18Nh8OCcnZM/ZU8Yy	\N	\N	\N	0	\N	\N	\N	\N	2018-07-10 17:40:45.668953	2018-07-10 17:40:45.668953	\N	2018-09-04 06:32:01.762462	\N	\N
32	nathanial.okuneva@kuvalistromp.io	$2a$11$KEBCypgsU992Sshm9y0CmO7eWs6rw/p7AZb7.h3.xVUC1/7WlYi4O	\N	\N	\N	0	\N	\N	\N	\N	2018-07-10 17:40:45.924357	2018-07-10 17:40:45.924357	\N	2018-09-04 06:32:01.762462	\N	\N
33	kiel@uptonwyman.com	$2a$11$2HzIgeky21.uPNOPjMV2Pu/01xFZi9FMKYCBC92nzyfxdYxJrfhbq	\N	\N	\N	0	\N	\N	\N	\N	2018-07-10 17:40:46.179218	2018-07-10 17:40:46.179218	\N	2018-09-04 06:32:01.762462	\N	\N
34	zola_glover@jacobi.org	$2a$11$napM1781uu7dEJa.4YL/PuiYIdZcfIW39ULOkkYWuFoQEhgGgZjYy	\N	\N	\N	0	\N	\N	\N	\N	2018-07-10 17:40:46.47565	2018-07-10 17:40:46.47565	\N	2018-09-04 06:32:01.762462	\N	\N
35	elouise@reichel.biz	$2a$11$raoHAqk9DNa/M8eACsQIN.fYdRlR4AVXiGoBlJ0.uIDrMn4LEDQkq	\N	\N	\N	0	\N	\N	\N	\N	2018-07-10 17:40:46.733682	2018-07-10 17:40:46.733682	\N	2018-09-04 06:32:01.762462	\N	\N
36	millie.bode@wisokyraynor.net	$2a$11$EBb751RO.4Hian8eaj.4R.5BDYZyxgxnMQIgdCgfEtiNVGijM8hAC	\N	\N	\N	0	\N	\N	\N	\N	2018-07-10 17:40:46.988987	2018-07-10 17:40:46.988987	\N	2018-09-04 06:32:01.762462	\N	\N
37	judson@adamsziemann.co	$2a$11$eAvtMh9VaQ.0ABk4klZAhen9QP7u.AI5oEF1sK.NRpj2QFjq8pZS2	\N	\N	\N	0	\N	\N	\N	\N	2018-07-10 17:40:47.244995	2018-07-10 17:40:47.244995	\N	2018-09-04 06:32:01.762462	\N	\N
38	roscoe@morarleuschke.name	$2a$11$wzKwtW00MhnESF7vMZ84Wu.gpibzEGnYgYOhltp3h/qScOkxPOw4G	\N	\N	\N	0	\N	\N	\N	\N	2018-07-10 17:40:47.511406	2018-07-10 17:40:47.511406	\N	2018-09-04 06:32:01.762462	\N	\N
39	kareem@dickentracke.io	$2a$11$d2O.twXQQ2nTXNQ3YJdgFu2mSCRazkhWan6B1ANBNUwjxxs7bXpE6	\N	\N	\N	0	\N	\N	\N	\N	2018-07-10 17:40:47.765888	2018-07-10 17:40:47.765888	\N	2018-09-04 06:32:01.762462	\N	\N
40	herminia.klein@greenfelder.co	$2a$11$ON65HqtqkQHy.TFc4ho0qu39BOs9y17nBQAOyO7qfpQxStr1VIDz2	\N	\N	\N	0	\N	\N	\N	\N	2018-07-10 17:40:48.073032	2018-07-10 17:40:48.073032	\N	2018-09-04 06:32:01.762462	\N	\N
41	ozella.bogisich@schoen.org	$2a$11$/HwdHaVpgjxgiAFfzCL39efTD2lHFDI2YZs5Drly7nEhU9aYd1Mq.	\N	\N	\N	0	\N	\N	\N	\N	2018-07-10 17:40:48.320486	2018-07-10 17:40:48.320486	\N	2018-09-04 06:32:01.762462	\N	\N
42	yvette_schoen@price.io	$2a$11$hHhvCIivIOhTaeMbWCt15.3NmzAeiYQJXeEsyF0SyWhGpYmbg1p3W	\N	\N	\N	0	\N	\N	\N	\N	2018-07-10 17:40:48.575637	2018-07-10 17:40:48.575637	\N	2018-09-04 06:32:01.762462	\N	\N
43	orlando.will@muller.org	$2a$11$rbBo0Cr5j/uVoK7dfdMJ/.MGqYatJbjmSa47kQZeESeQ//umOB7iC	\N	\N	\N	0	\N	\N	\N	\N	2018-07-10 17:40:48.831417	2018-07-10 17:40:48.831417	\N	2018-09-04 06:32:01.762462	\N	\N
44	joshua_roberts@cronin.biz	$2a$11$kq6VFlyxsvn7fj3iRt.4ueg2O5ZJRMTh9Vc./e/oHJ12KTqLiRrEK	\N	\N	\N	0	\N	\N	\N	\N	2018-07-10 17:40:49.094254	2018-07-10 17:40:49.094254	\N	2018-09-04 06:32:01.762462	\N	\N
45	geraldine.effertz@hauck.com	$2a$11$IeH.pqRZO7z/15fuY7QzgeACslMBRkzFpnRORtlYaAP8ToDpmoDmu	\N	\N	\N	0	\N	\N	\N	\N	2018-07-10 17:40:49.385307	2018-07-10 17:40:49.385307	\N	2018-09-04 06:32:01.762462	\N	\N
47	tracy_ferry@reichel.net	$2a$11$qKVPe5rFuiw81VXhbpXiOeKBr5eGV2LMsk7GADQE0NUimu2wlwHSO	\N	\N	\N	0	\N	\N	\N	\N	2018-07-10 17:40:49.932155	2018-07-10 17:40:49.932155	\N	2018-09-04 06:32:01.762462	\N	\N
48	keshaun.weinat@reichel.name	$2a$11$UIebAgvIins69Qa0Y9yuyeoB0i3F97VPnC4M4W.Q6sTh4aSjGYXMO	\N	\N	\N	0	\N	\N	\N	\N	2018-07-10 17:40:50.200765	2018-07-10 17:40:50.200765	\N	2018-09-04 06:32:01.762462	\N	\N
49	lisa@romaguerajohns.info	$2a$11$.bG5A9LTiffXcwlnXpY1KebtjCKOjKi70EgnARBtP.XWSblhbcLZq	\N	\N	\N	0	\N	\N	\N	\N	2018-07-10 17:40:50.478911	2018-07-10 17:40:50.478911	\N	2018-09-04 06:32:01.762462	\N	\N
50	taryn_bosco@mccullough.io	$2a$11$6yg3nv0Bv/Ll6PPvC4QCI.4jVOO0R3UNxlqNkaNBrb7F2h/KjwfES	\N	\N	\N	0	\N	\N	\N	\N	2018-07-10 17:40:50.74108	2018-07-10 17:40:50.74108	\N	2018-09-04 06:32:01.762462	\N	\N
51	otto@gulgowskimcglynn.io	$2a$11$KuM1VS90zqzCINpP/BDez.YXtMPQvvlm7Ly5KbqUa6EwVvQD0Pl/2	\N	\N	\N	0	\N	\N	\N	\N	2018-07-10 17:40:51.005319	2018-07-10 17:40:51.005319	\N	2018-09-04 06:32:01.762462	\N	\N
52	beau.rempel@rogahn.org	$2a$11$WGoNqJDuBG.A9VdQ6CD9o.xPuq41xv7MchBN4kOQILsNdANQgzq/S	\N	\N	\N	0	\N	\N	\N	\N	2018-07-10 17:40:51.316261	2018-07-10 17:40:51.316261	\N	2018-09-04 06:32:01.762462	\N	\N
46	annette@swift.net	$2a$11$k4BTsYW9mtRwHhR4RZkeHuiUiUQzjsugoHQ8YQIUuUCTxhcBUfXBO	\N	\N	\N	1	2018-09-04 04:48:18.00098	2018-09-04 04:48:18.00098	127.0.0.1	127.0.0.1	2018-07-10 17:40:49.667914	2018-09-04 04:48:18.002751	\N	2018-09-04 06:32:01.762462	\N	\N
53	minerva@quitzon.info	$2a$11$xwOXYuO0cXBIiFGKa.LOOe0r5bYyfA9jI40UrUjzUaQnMnxTjtnHu	\N	\N	\N	0	\N	\N	\N	\N	2018-07-10 17:40:51.587531	2018-07-10 17:40:51.587531	\N	2018-09-04 06:32:01.762462	\N	\N
54	whitney@dickenskreiger.io	$2a$11$m/PbcwFdaeMCRX49J6AWmuC2SjKZOGh8VlEncpOSgFgdME06OmglC	\N	\N	\N	0	\N	\N	\N	\N	2018-07-10 17:40:51.868573	2018-07-10 17:40:51.868573	\N	2018-09-04 06:32:01.762462	\N	\N
55	elenor.orn@tremblayadams.com	$2a$11$I//GQC2PrbHKZj1Ne9GDpOHS.ORdKTVWhICkA1Rx9J3doY8YsVCVO	\N	\N	\N	0	\N	\N	\N	\N	2018-07-10 17:40:52.144534	2018-07-10 17:40:52.144534	\N	2018-09-04 06:32:01.762462	\N	\N
56	aleen@shanahanmayert.net	$2a$11$on3Ze22afiIr4FmZJ3VeN.2orwC0WHLH/0pLDZmkZ8n2sC1ZVoyz.	\N	\N	\N	0	\N	\N	\N	\N	2018-07-10 17:40:52.397535	2018-07-10 17:40:52.397535	\N	2018-09-04 06:32:01.762462	\N	\N
57	fabiola@buckridge.org	$2a$11$FpZSxJ2YlNQVygYBclLXDut3J4JaQN/HPSFSsXdAsygjS4TBQ/IL2	\N	\N	\N	0	\N	\N	\N	\N	2018-07-10 17:40:52.66168	2018-07-10 17:40:52.66168	\N	2018-09-04 06:32:01.762462	\N	\N
58	caitlyn@lindgrenfeest.io	$2a$11$rEDAaocMIv39pWpOohpFPuOA0uJUHECfCOG8mBas3NkVcemEx9mEq	\N	\N	\N	0	\N	\N	\N	\N	2018-07-10 17:40:52.929975	2018-07-10 17:40:52.929975	\N	2018-09-04 06:32:01.762462	\N	\N
59	lafayette@haag.com	$2a$11$KMy8tORxFujiPFaZEg5tUeZYfJCkNZ5hRv.aeqv4/3qxtSki844Ky	\N	\N	\N	0	\N	\N	\N	\N	2018-07-10 17:40:53.198537	2018-07-10 17:40:53.198537	\N	2018-09-04 06:32:01.762462	\N	\N
60	lincoln.rau@kling.io	$2a$11$cfo2d4NU5Buw5W5gZ1MAquXU/lyeCjprRpwua38Q9.mauWKe41vMq	\N	\N	\N	0	\N	\N	\N	\N	2018-07-10 17:40:53.477335	2018-07-10 17:40:53.477335	\N	2018-09-04 06:32:01.762462	\N	\N
61	norbert@hagenespaucek.net	$2a$11$fYXV/dF5b.Fhw55APzMAiOeanjpYszupf.TVPen.nAbbUWt1nObk2	\N	\N	\N	0	\N	\N	\N	\N	2018-07-10 17:40:53.750968	2018-07-10 17:40:53.750968	\N	2018-09-04 06:32:01.762462	\N	\N
62	danial@heidenreich.name	$2a$11$m4dTTW5gsrU.SOC0DmBeaOUv79BTnANOONUANkdSDEBzHa4WHnmJu	\N	\N	\N	0	\N	\N	\N	\N	2018-07-10 17:40:54.016421	2018-07-10 17:40:54.016421	\N	2018-09-04 06:32:01.762462	\N	\N
63	darian@hane.org	$2a$11$dNf5oU60NXxPVGEUyDzrIOQ/3VF9.8SFOhDrhNmhRzCmTeE6N2.1e	\N	\N	\N	0	\N	\N	\N	\N	2018-07-10 17:40:54.30052	2018-07-10 17:40:54.30052	\N	2018-09-04 06:32:01.762462	\N	\N
64	lolita@darejohns.org	$2a$11$ODlLinhtyeK3x4gg6s862Oq/Vhz9Z/lmqxN5sANFIwZ6Ycihpmxwe	\N	\N	\N	0	\N	\N	\N	\N	2018-07-10 17:40:54.568326	2018-07-10 17:40:54.568326	\N	2018-09-04 06:32:01.762462	\N	\N
65	monica@reichel.co	$2a$11$X6t00auANUGOM7LcPs1tkuwYYD6hLdzoGUC.vsNIbW/OBaMaZOoRe	\N	\N	\N	0	\N	\N	\N	\N	2018-07-10 17:40:54.833546	2018-07-10 17:40:54.833546	\N	2018-09-04 06:32:01.762462	\N	\N
66	gloria_oreilly@konopelski.biz	$2a$11$imxsj8VCUYA.XTR7FDghM.4uX6Rk/zYWvUdul0WVdOOfsbDWKIuIu	\N	\N	\N	0	\N	\N	\N	\N	2018-07-10 17:40:55.108682	2018-07-10 17:40:55.108682	\N	2018-09-04 06:32:01.762462	\N	\N
67	ibrahim_mann@fay.org	$2a$11$Zf5aaDhUHv9mB8N250EbJOWkuF4bQp9Fz1qYDBjhf69DfXa9EU/fG	\N	\N	\N	0	\N	\N	\N	\N	2018-07-10 17:40:55.401006	2018-07-10 17:40:55.401006	\N	2018-09-04 06:32:01.762462	\N	\N
68	blanca@hyattlebsack.io	$2a$11$iFLJDDZnRrFNVwGtmQGhPe8oBLFuOypmiZW3ven6hchqDHJE4Lk3K	\N	\N	\N	0	\N	\N	\N	\N	2018-07-10 17:40:55.677178	2018-07-10 17:40:55.677178	\N	2018-09-04 06:32:01.762462	\N	\N
69	derek@anderson.com	$2a$11$lnPc9PtxwyXZU85ODCrzaOiwRSmfUhUPjDJKkg5WTD4H.F5FtR14u	\N	\N	\N	0	\N	\N	\N	\N	2018-07-10 17:40:55.962432	2018-07-10 17:40:55.962432	\N	2018-09-04 06:32:01.762462	\N	\N
70	emil@keler.name	$2a$11$ogVfq6z0/IcbJHoTCqh.qeJgRUEbLgPWySTo8ONbOtF5k3O7c4oDq	\N	\N	\N	0	\N	\N	\N	\N	2018-07-10 17:40:56.998515	2018-07-10 17:40:56.998515	\N	2018-09-04 06:32:01.762462	\N	\N
71	charlie@bogisich.net	$2a$11$RHPxs4MCUz4N/g//bruj/Odl9s21iXaWeyUuWAc7hEG5NcdwORmOO	\N	\N	\N	0	\N	\N	\N	\N	2018-07-10 17:40:57.275478	2018-07-10 17:40:57.275478	\N	2018-09-04 06:32:01.762462	\N	\N
72	bertrand_orn@reichert.com	$2a$11$uc2XOQ0adMyAJJ8et.E93OJb2CAzAR7RZDEGsMBmbJ1OarIWbOncO	\N	\N	\N	0	\N	\N	\N	\N	2018-07-10 17:40:57.531861	2018-07-10 17:40:57.531861	\N	2018-09-04 06:32:01.762462	\N	\N
73	estelle.kaulke@upton.name	$2a$11$THfJ5FhRdpkzQGRVqZblReSNOY5oymgVZDeK75Gd/VUMHP6UNFlK6	\N	\N	\N	0	\N	\N	\N	\N	2018-07-10 17:40:57.787698	2018-07-10 17:40:57.787698	\N	2018-09-04 06:32:01.762462	\N	\N
74	damien@king.name	$2a$11$dx9julPUbED0ijBrWJFzxOaOEpTdYg.jrYtjNyhkPc3pZliR/kccu	\N	\N	\N	0	\N	\N	\N	\N	2018-07-10 17:40:58.047975	2018-07-10 17:40:58.047975	\N	2018-09-04 06:32:01.762462	\N	\N
75	casey@croninhowell.co	$2a$11$2/2oMIhx3Yhzu/nsIfB7Wu8VG754Zcsu4oCJ.YrXQ6oGRvxwn9XcC	\N	\N	\N	0	\N	\N	\N	\N	2018-07-10 17:40:58.32403	2018-07-10 17:40:58.32403	\N	2018-09-04 06:32:01.762462	\N	\N
76	johnson.bailey@rippinlangworth.biz	$2a$11$8Nl0laPRO48HPPwUsCLWfewHlAcHy7L.vs6iRf76G1fYnIfgMikTi	\N	\N	\N	0	\N	\N	\N	\N	2018-07-10 17:40:58.592306	2018-07-10 17:40:58.592306	\N	2018-09-04 06:32:01.762462	\N	\N
77	lola@greenblock.biz	$2a$11$oY5YEPZ4UUmXb/SsCI4XXuoxxpYkE3SmHBEM18qEbV3J/rUDpb.wu	\N	\N	\N	0	\N	\N	\N	\N	2018-07-10 17:40:58.851951	2018-07-10 17:40:58.851951	\N	2018-09-04 06:32:01.762462	\N	\N
78	curt.ziemann@batz.biz	$2a$11$KT57wg1FgglBl/UfKG7oguu5KC8KloJ6sk3LuvkEjVSYowvQE4s1m	\N	\N	\N	0	\N	\N	\N	\N	2018-07-10 17:40:59.109596	2018-07-10 17:40:59.109596	\N	2018-09-04 06:32:01.762462	\N	\N
79	adolfo@sawayn.info	$2a$11$oj2C4MvviPNoVj5OaQvCWOOTGJ0uzKm2A8/gZYt0o5P/hp6YV/azG	\N	\N	\N	0	\N	\N	\N	\N	2018-07-10 17:40:59.383796	2018-07-10 17:40:59.383796	\N	2018-09-04 06:32:01.762462	\N	\N
80	mallory.rippin@hoeger.info	$2a$11$rSEIYhARH0IBPdDaJ0eBSOk3oqZUPR1/f0iPFQUW2GwGmKpAoPvMm	\N	\N	\N	0	\N	\N	\N	\N	2018-07-10 17:40:59.645233	2018-07-10 17:40:59.645233	\N	2018-09-04 06:32:01.762462	\N	\N
81	nia@kautzerlesch.co	$2a$11$ZOFyVzHQIZPyV/0766dEBehnAICMBoji.o1eU4lx7bGaAZVWeSZGW	\N	\N	\N	0	\N	\N	\N	\N	2018-07-10 17:40:59.929572	2018-07-10 17:40:59.929572	\N	2018-09-04 06:32:01.762462	\N	\N
82	landen@crooks.name	$2a$11$YIeZdzgSyjCWE2hXI0OHxOMU4Y421ia914QMdq0BPXQc7K3aKcZFS	\N	\N	\N	0	\N	\N	\N	\N	2018-07-10 17:41:00.186317	2018-07-10 17:41:00.186317	\N	2018-09-04 06:32:01.762462	\N	\N
83	jayce.flatley@schmidt.biz	$2a$11$9GDLO0UI4lts8XfVIkxnbeR6NN5H5pQs5CL/0ZqjdbBpiyMZOvH5i	\N	\N	\N	0	\N	\N	\N	\N	2018-07-10 17:41:00.443423	2018-07-10 17:41:00.443423	\N	2018-09-04 06:32:01.762462	\N	\N
84	carlie_king@eichmann.co	$2a$11$W5yRD.2jmY9p9Gj3iUFRqeQH12sRV9u1Za89rM89cPHghLXXl8uUi	\N	\N	\N	0	\N	\N	\N	\N	2018-07-10 17:41:00.728498	2018-07-10 17:41:00.728498	\N	2018-09-04 06:32:01.762462	\N	\N
85	tate_hane@mccullough.net	$2a$11$z20Zqk8AfqmEHGEyR4lmzOxxLdbNe9b8TTVl.iIC5tbXVVZKVQaIW	\N	\N	\N	0	\N	\N	\N	\N	2018-07-10 17:41:01.000178	2018-07-10 17:41:01.000178	\N	2018-09-04 06:32:01.762462	\N	\N
86	lucious@jacobs.org	$2a$11$g8wVHY4Ejy/Io5AV24U0wOnOZBxy3dxKJAZY8a9rDn.df7VbV7qu.	\N	\N	\N	0	\N	\N	\N	\N	2018-07-10 17:41:01.288071	2018-07-10 17:41:01.288071	\N	2018-09-04 06:32:01.762462	\N	\N
87	lucie@cartwright.info	$2a$11$9NKPS.ryzkCpkw2/EQOtAOpu.lI0O.ywhvsqeGxwweJXaqF0fB4ly	\N	\N	\N	0	\N	\N	\N	\N	2018-07-10 17:41:01.549596	2018-07-10 17:41:01.549596	\N	2018-09-04 06:32:01.762462	\N	\N
88	terry.turner@senger.net	$2a$11$ThT8AsMz.x3FtiuG4obR.OkebRROaWE0ghmgQde66ysS7a3EM1Y7a	\N	\N	\N	0	\N	\N	\N	\N	2018-07-10 17:41:01.828013	2018-07-10 17:41:01.828013	\N	2018-09-04 06:32:01.762462	\N	\N
89	hulda@durgancorwin.com	$2a$11$6EvnSCEwMWHhiQpAvTzN3.X5avl0QqRQnsv/1XjT9MYR87IruO7NK	\N	\N	\N	0	\N	\N	\N	\N	2018-07-10 17:41:02.09358	2018-07-10 17:41:02.09358	\N	2018-09-04 06:32:01.762462	\N	\N
90	jayda.keler@markseichmann.io	$2a$11$x87AQa1VYFWkihsmG7wxZOWyhrk.wqg1918Daigfgt3KaPR1vZFA6	\N	\N	\N	0	\N	\N	\N	\N	2018-07-10 17:41:02.361513	2018-07-10 17:41:02.361513	\N	2018-09-04 06:32:01.762462	\N	\N
95	ranjan@gmail.com	$2a$11$.mtmV.l9i5uKXMWLR44/LOtURLxEo4FsRg0iZLYhJGQ95pKO4XfUm	\N	\N	\N	2	2018-09-01 03:12:00.232845	2018-08-31 09:13:43.640034	127.0.0.1	127.0.0.1	2018-08-31 09:13:43.586168	2018-09-01 03:12:00.234466	\N	2018-09-04 06:32:01.762462	\N	\N
1	ralph_lueilwitz@koeppbins.io	$2a$11$zWCTLayOhJK2rp.JsFTXkOkxJ/q2BMKO53/Ybr..c2s6vG2qgl0WW	\N	\N	\N	7	2018-08-31 07:56:34.377348	2018-08-28 06:01:17.675707	127.0.0.1	127.0.0.1	2018-07-10 17:40:37.023657	2018-08-31 07:56:34.379164	\N	2018-09-04 06:32:01.762462	\N	\N
96	ran@gmail.comaaa	$2a$11$SThxo49CGj/fkwZaiuRHlenchIxOlGdFZiy9McG2GCF3zY3e8hO36	\N	\N	\N	1	2018-09-04 06:22:39.460847	2018-09-04 06:22:39.460847	127.0.0.1	127.0.0.1	2018-09-04 06:22:38.808717	2018-09-04 06:22:39.461788	\N	2018-09-04 06:32:01.762462	\N	\N
105	ranjan@ar.com	$2a$11$kFE1nykSyVqrvbTY/w11de5m/f7/Rw1xOT4QCIpIsMEVNReGMMEpq	\N	\N	\N	1	2018-09-04 06:44:05.62117	2018-09-04 06:44:05.62117	127.0.0.1	127.0.0.1	2018-09-04 06:44:05.575625	2018-09-04 06:44:05.622028	\N	\N	\N	\N
106	ra@ra.com1	$2a$11$A5TzNCVqM8kCial.LfxVaeHL8Oyb2a6C5pCjj7g9Io6g/zWB92A3W	\N	\N	\N	0	\N	\N	\N	\N	2018-09-04 06:44:37.65732	2018-09-04 06:44:37.65732	3UqfdznW1rfRiCRw_Tt6	\N	2018-09-04 06:44:37.65761	\N
107	ra@ra.com12	$2a$11$Hz/y8o.Z03dDfY1elL.nw.PFbHa80Zt87Yb3OPAA5dpa5w0iSrJ6O	\N	\N	\N	0	\N	\N	\N	\N	2018-09-04 06:45:53.454419	2018-09-04 06:45:53.454419	zw76TbcXFboqzDYddzRU	\N	2018-09-04 06:45:53.454594	\N
108	fas@asdf.com	$2a$11$GI48qG7Iw97zwNQ72uIynekPL.m3/c/VB.v3ab6EkCTBGtKZAvGoq	\N	\N	\N	0	\N	\N	\N	\N	2018-09-04 06:49:37.209834	2018-09-04 06:49:37.209834	9nzze6T5QidBrzh7shMt	\N	2018-09-04 06:49:37.210088	\N
91	ran1@gmail.com	$2a$11$TJAjHiShyduWshKA9.L4SuMkUxAPmDeXnfipRzrjPDogUP6NUqArG	\N	\N	\N	19	2018-09-04 10:16:08.574862	2018-09-04 08:33:26.459047	127.0.0.1	127.0.0.1	2018-07-13 14:26:17.831223	2018-09-04 10:16:08.576522	\N	2018-09-04 06:32:01.762462	\N	\N
\.


--
-- Name: recuitors_id_seq; Type: SEQUENCE SET; Schema: public; Owner: -
--

SELECT pg_catalog.setval('public.recuitors_id_seq', 112, true);


--
-- Data for Name: schema_migrations; Type: TABLE DATA; Schema: public; Owner: -
--

COPY public.schema_migrations (version) FROM stdin;
20180624072847
20180624072854
20180624073306
20180624085537
20180624085838
20180624114823
20180624114907
20180624125220
20180624125324
20180625101505
20180625135004
20180625172149
20180625172205
20180625172214
20180628115222
20180628123121
20180629143502
20180710171114
20180713075913
20180713075914
20180713075915
20180713075916
20180713075917
20180713075918
20180712050047
20180713060353
20180903062514
20180904054721
20180904061544
20180904062933
\.


--
-- Data for Name: seeker_categories; Type: TABLE DATA; Schema: public; Owner: -
--

COPY public.seeker_categories (id, category_id, seeker_profile_id, created_at, updated_at) FROM stdin;
1	2	1	2018-07-10 17:47:20.459507	2018-07-10 17:47:20.459507
2	3	1	2018-07-10 17:47:48.560815	2018-07-10 17:47:48.560815
3	5	2	2018-07-10 17:47:49.380217	2018-07-10 17:47:49.380217
4	5	3	2018-07-10 17:47:49.412816	2018-07-10 17:47:49.412816
5	8	4	2018-07-10 17:47:49.446314	2018-07-10 17:47:49.446314
6	1	5	2018-07-10 17:47:49.479882	2018-07-10 17:47:49.479882
7	8	6	2018-07-10 17:47:49.512738	2018-07-10 17:47:49.512738
8	3	7	2018-07-10 17:47:49.54632	2018-07-10 17:47:49.54632
9	2	8	2018-07-10 17:47:49.579516	2018-07-10 17:47:49.579516
10	4	9	2018-07-10 17:47:49.613178	2018-07-10 17:47:49.613178
11	1	10	2018-07-10 17:47:49.64761	2018-07-10 17:47:49.64761
12	5	11	2018-07-10 17:47:49.679332	2018-07-10 17:47:49.679332
13	3	12	2018-07-10 17:47:49.714678	2018-07-10 17:47:49.714678
14	3	13	2018-07-10 17:47:49.745893	2018-07-10 17:47:49.745893
15	1	14	2018-07-10 17:47:49.779207	2018-07-10 17:47:49.779207
16	4	15	2018-07-10 17:47:49.812539	2018-07-10 17:47:49.812539
17	3	16	2018-07-10 17:47:49.846078	2018-07-10 17:47:49.846078
18	7	17	2018-07-10 17:47:49.879346	2018-07-10 17:47:49.879346
19	1	18	2018-07-10 17:47:49.912571	2018-07-10 17:47:49.912571
20	3	19	2018-07-10 17:47:49.946104	2018-07-10 17:47:49.946104
21	6	20	2018-07-10 17:47:49.980822	2018-07-10 17:47:49.980822
22	2	21	2018-07-10 17:47:50.036164	2018-07-10 17:47:50.036164
23	4	22	2018-07-10 17:47:50.124358	2018-07-10 17:47:50.124358
24	6	23	2018-07-10 17:47:50.156715	2018-07-10 17:47:50.156715
25	8	24	2018-07-10 17:47:50.19045	2018-07-10 17:47:50.19045
26	8	25	2018-07-10 17:47:50.223746	2018-07-10 17:47:50.223746
27	4	26	2018-07-10 17:47:50.257656	2018-07-10 17:47:50.257656
28	6	27	2018-07-10 17:47:50.290022	2018-07-10 17:47:50.290022
29	5	28	2018-07-10 17:47:50.323241	2018-07-10 17:47:50.323241
30	2	29	2018-07-10 17:47:50.356792	2018-07-10 17:47:50.356792
31	2	30	2018-07-10 17:47:50.389683	2018-07-10 17:47:50.389683
32	7	31	2018-07-10 17:47:50.422927	2018-07-10 17:47:50.422927
33	5	32	2018-07-10 17:47:50.456499	2018-07-10 17:47:50.456499
34	5	33	2018-07-10 17:47:50.489607	2018-07-10 17:47:50.489607
35	2	34	2018-07-10 17:47:50.522675	2018-07-10 17:47:50.522675
36	1	35	2018-07-10 17:47:50.557332	2018-07-10 17:47:50.557332
37	8	36	2018-07-10 17:47:50.590924	2018-07-10 17:47:50.590924
38	1	37	2018-07-10 17:47:50.623329	2018-07-10 17:47:50.623329
39	3	38	2018-07-10 17:47:50.655985	2018-07-10 17:47:50.655985
40	7	39	2018-07-10 17:47:50.689307	2018-07-10 17:47:50.689307
41	6	40	2018-07-10 17:47:50.722656	2018-07-10 17:47:50.722656
42	1	41	2018-07-10 17:47:50.755938	2018-07-10 17:47:50.755938
43	5	42	2018-07-10 17:47:50.78921	2018-07-10 17:47:50.78921
44	1	43	2018-07-10 17:47:50.822667	2018-07-10 17:47:50.822667
45	1	44	2018-07-10 17:47:50.944635	2018-07-10 17:47:50.944635
46	1	45	2018-07-10 17:47:50.977939	2018-07-10 17:47:50.977939
47	2	46	2018-07-10 17:47:51.010981	2018-07-10 17:47:51.010981
48	6	47	2018-07-10 17:47:51.04429	2018-07-10 17:47:51.04429
49	6	48	2018-07-10 17:47:51.077627	2018-07-10 17:47:51.077627
50	2	49	2018-07-10 17:47:51.122196	2018-07-10 17:47:51.122196
51	3	50	2018-07-10 17:47:51.15572	2018-07-10 17:47:51.15572
52	5	51	2018-07-10 17:47:51.189753	2018-07-10 17:47:51.189753
53	6	52	2018-07-10 17:47:51.222488	2018-07-10 17:47:51.222488
54	6	53	2018-07-10 17:47:51.255197	2018-07-10 17:47:51.255197
55	2	54	2018-07-10 17:47:51.288481	2018-07-10 17:47:51.288481
56	8	55	2018-07-10 17:47:51.321808	2018-07-10 17:47:51.321808
57	4	56	2018-07-10 17:47:51.356675	2018-07-10 17:47:51.356675
58	2	57	2018-07-10 17:47:51.38997	2018-07-10 17:47:51.38997
59	3	58	2018-07-10 17:47:51.423446	2018-07-10 17:47:51.423446
60	7	59	2018-07-10 17:47:51.456596	2018-07-10 17:47:51.456596
61	3	60	2018-07-10 17:47:51.490217	2018-07-10 17:47:51.490217
62	6	61	2018-07-10 17:47:51.524277	2018-07-10 17:47:51.524277
63	7	62	2018-07-10 17:47:51.55714	2018-07-10 17:47:51.55714
64	6	63	2018-07-10 17:47:51.589896	2018-07-10 17:47:51.589896
65	8	64	2018-07-10 17:47:51.623214	2018-07-10 17:47:51.623214
66	6	65	2018-07-10 17:47:51.656548	2018-07-10 17:47:51.656548
67	5	66	2018-07-10 17:47:51.689596	2018-07-10 17:47:51.689596
68	1	67	2018-07-10 17:47:51.722967	2018-07-10 17:47:51.722967
69	1	68	2018-07-10 17:47:51.756346	2018-07-10 17:47:51.756346
70	1	69	2018-07-10 17:47:51.789455	2018-07-10 17:47:51.789455
71	2	70	2018-07-10 17:47:51.823078	2018-07-10 17:47:51.823078
72	2	71	2018-07-10 17:47:51.856583	2018-07-10 17:47:51.856583
73	1	72	2018-07-10 17:47:51.890606	2018-07-10 17:47:51.890606
74	3	73	2018-07-10 17:47:51.923918	2018-07-10 17:47:51.923918
75	8	74	2018-07-10 17:47:52.057601	2018-07-10 17:47:52.057601
76	5	75	2018-07-10 17:47:52.089273	2018-07-10 17:47:52.089273
77	2	76	2018-07-10 17:47:52.12279	2018-07-10 17:47:52.12279
78	7	77	2018-07-10 17:47:52.15609	2018-07-10 17:47:52.15609
79	4	78	2018-07-10 17:47:52.189036	2018-07-10 17:47:52.189036
80	6	79	2018-07-10 17:47:52.222627	2018-07-10 17:47:52.222627
81	6	80	2018-07-10 17:47:52.256215	2018-07-10 17:47:52.256215
82	6	81	2018-07-10 17:47:52.289647	2018-07-10 17:47:52.289647
83	4	82	2018-07-10 17:47:52.322264	2018-07-10 17:47:52.322264
84	3	83	2018-07-10 17:47:52.35559	2018-07-10 17:47:52.35559
85	7	84	2018-07-10 17:47:52.388791	2018-07-10 17:47:52.388791
86	3	85	2018-07-10 17:47:52.422143	2018-07-10 17:47:52.422143
87	8	86	2018-07-10 17:47:52.455459	2018-07-10 17:47:52.455459
88	4	87	2018-07-10 17:47:52.489028	2018-07-10 17:47:52.489028
89	1	88	2018-07-10 17:47:52.521768	2018-07-10 17:47:52.521768
90	4	89	2018-07-10 17:47:52.555239	2018-07-10 17:47:52.555239
91	2	90	2018-07-10 17:47:52.589037	2018-07-10 17:47:52.589037
92	5	91	2018-07-10 17:47:52.624709	2018-07-10 17:47:52.624709
93	1	92	2018-07-10 17:47:52.666408	2018-07-10 17:47:52.666408
94	8	93	2018-07-10 17:47:52.699623	2018-07-10 17:47:52.699623
95	8	94	2018-07-10 17:47:52.732884	2018-07-10 17:47:52.732884
96	6	95	2018-07-10 17:47:52.76617	2018-07-10 17:47:52.76617
97	5	96	2018-07-10 17:47:52.799189	2018-07-10 17:47:52.799189
98	1	97	2018-07-10 17:47:52.832669	2018-07-10 17:47:52.832669
99	7	98	2018-07-10 17:47:52.866438	2018-07-10 17:47:52.866438
100	1	99	2018-07-10 17:47:52.899948	2018-07-10 17:47:52.899948
101	8	100	2018-07-10 17:47:52.933184	2018-07-10 17:47:52.933184
102	7	101	2018-07-13 14:23:31.102135	2018-07-13 14:23:31.102135
103	7	102	2018-08-30 10:08:29.815034	2018-08-30 10:08:29.815034
\.


--
-- Name: seeker_categories_id_seq; Type: SEQUENCE SET; Schema: public; Owner: -
--

SELECT pg_catalog.setval('public.seeker_categories_id_seq', 103, true);


--
-- Data for Name: seeker_educations; Type: TABLE DATA; Schema: public; Owner: -
--

COPY public.seeker_educations (id, education_id, seeker_profile_id, colzname, year, created_at, updated_at) FROM stdin;
1	1	1	The Lesch	2001	2018-07-10 17:47:49.355242	2018-07-10 17:47:49.355242
2	3	2	Eastern Brakus	2007	2018-07-10 17:47:49.403294	2018-07-10 17:47:49.403294
3	6	3	Northern Mississippi College	2005	2018-07-10 17:47:49.43579	2018-07-10 17:47:49.43579
4	1	4	Heaney Academy	2015	2018-07-10 17:47:49.468869	2018-07-10 17:47:49.468869
5	5	5	Eastern Kansas Institute	2001	2018-07-10 17:47:49.501966	2018-07-10 17:47:49.501966
6	1	6	Southern Marks	2004	2018-07-10 17:47:49.535208	2018-07-10 17:47:49.535208
7	6	7	Wunsch Academy	2012	2018-07-10 17:47:49.568754	2018-07-10 17:47:49.568754
8	3	8	Eastern Metz College	2009	2018-07-10 17:47:49.601916	2018-07-10 17:47:49.601916
9	6	9	West North Carolina University	2016	2018-07-10 17:47:49.635043	2018-07-10 17:47:49.635043
10	3	10	West Johns	2006	2018-07-10 17:47:49.668305	2018-07-10 17:47:49.668305
11	3	11	Stracke Academy	2014	2018-07-10 17:47:49.701793	2018-07-10 17:47:49.701793
12	5	12	Brown Academy	2000	2018-07-10 17:47:49.735589	2018-07-10 17:47:49.735589
13	1	13	Goldner Academy	2000	2018-07-10 17:47:49.769123	2018-07-10 17:47:49.769123
14	3	14	Schaefer Institute	2007	2018-07-10 17:47:49.801567	2018-07-10 17:47:49.801567
15	5	15	Southern Hamill Institute	2003	2018-07-10 17:47:49.834919	2018-07-10 17:47:49.834919
16	3	16	O'Reilly Institute	2005	2018-07-10 17:47:49.868359	2018-07-10 17:47:49.868359
17	2	17	East Murray	2004	2018-07-10 17:47:49.901596	2018-07-10 17:47:49.901596
18	3	18	Ullrich College	2015	2018-07-10 17:47:49.934738	2018-07-10 17:47:49.934738
19	1	19	Southern Little Institute	2009	2018-07-10 17:47:49.968023	2018-07-10 17:47:49.968023
20	5	20	West South Dakota Institute	2014	2018-07-10 17:47:50.014483	2018-07-10 17:47:50.014483
21	4	21	Southern Dibbert University	2018	2018-07-10 17:47:50.104516	2018-07-10 17:47:50.104516
22	3	22	Dickens Academy	2002	2018-07-10 17:47:50.145627	2018-07-10 17:47:50.145627
23	6	23	Eastern Botsford Institute	2003	2018-07-10 17:47:50.179111	2018-07-10 17:47:50.179111
24	5	24	Northern Mertz	2014	2018-07-10 17:47:50.212196	2018-07-10 17:47:50.212196
25	1	25	Ziemann College	2017	2018-07-10 17:47:50.245347	2018-07-10 17:47:50.245347
26	4	26	North Jaskolski University	2002	2018-07-10 17:47:50.27916	2018-07-10 17:47:50.27916
27	4	27	East New Jersey Institute	2007	2018-07-10 17:47:50.312282	2018-07-10 17:47:50.312282
28	5	28	South Abshire University	2015	2018-07-10 17:47:50.346663	2018-07-10 17:47:50.346663
29	1	29	East Romaguera College	2008	2018-07-10 17:47:50.380183	2018-07-10 17:47:50.380183
30	5	30	Wuckert University	2001	2018-07-10 17:47:50.411931	2018-07-10 17:47:50.411931
31	2	31	Fay College	2007	2018-07-10 17:47:50.445595	2018-07-10 17:47:50.445595
32	2	32	Western Casper College	2013	2018-07-10 17:47:50.479395	2018-07-10 17:47:50.479395
33	2	33	Eastern Tromp College	2011	2018-07-10 17:47:50.512006	2018-07-10 17:47:50.512006
34	5	34	Haag Institute	2002	2018-07-10 17:47:50.545346	2018-07-10 17:47:50.545346
35	4	35	Collins University	2007	2018-07-10 17:47:50.578636	2018-07-10 17:47:50.578636
36	5	36	Northern Gottlieb	2016	2018-07-10 17:47:50.611942	2018-07-10 17:47:50.611942
37	2	37	McDermott Academy	2017	2018-07-10 17:47:50.645059	2018-07-10 17:47:50.645059
38	2	38	Southern Schultz University	2011	2018-07-10 17:47:50.679272	2018-07-10 17:47:50.679272
39	4	39	Reichel Institute	2013	2018-07-10 17:47:50.712566	2018-07-10 17:47:50.712566
40	5	40	Lakin College	2017	2018-07-10 17:47:50.745374	2018-07-10 17:47:50.745374
41	3	41	Zieme Institute	2007	2018-07-10 17:47:50.778355	2018-07-10 17:47:50.778355
42	4	42	Paucek Institute	2018	2018-07-10 17:47:50.811665	2018-07-10 17:47:50.811665
43	5	43	The Murazik	2010	2018-07-10 17:47:50.844947	2018-07-10 17:47:50.844947
44	6	44	The Hoppe Academy	2005	2018-07-10 17:47:50.967047	2018-07-10 17:47:50.967047
45	6	45	South Hauck College	2001	2018-07-10 17:47:51.000253	2018-07-10 17:47:51.000253
46	3	46	East Rhode Island College	2013	2018-07-10 17:47:51.034066	2018-07-10 17:47:51.034066
47	5	47	Western Stracke Academy	2016	2018-07-10 17:47:51.067766	2018-07-10 17:47:51.067766
48	2	48	Williamson University	2013	2018-07-10 17:47:51.103337	2018-07-10 17:47:51.103337
49	1	49	Southern Nebraska Institute	2016	2018-07-10 17:47:51.144545	2018-07-10 17:47:51.144545
50	6	50	South Koss Institute	2015	2018-07-10 17:47:51.177824	2018-07-10 17:47:51.177824
51	4	51	Feeney University	2003	2018-07-10 17:47:51.210985	2018-07-10 17:47:51.210985
52	3	52	Schinner Institute	2010	2018-07-10 17:47:51.244983	2018-07-10 17:47:51.244983
53	5	53	Western Massachusetts Academy	2001	2018-07-10 17:47:51.27803	2018-07-10 17:47:51.27803
54	6	54	Lindgren University	2015	2018-07-10 17:47:51.312033	2018-07-10 17:47:51.312033
55	4	55	The Green Institute	2002	2018-07-10 17:47:51.34569	2018-07-10 17:47:51.34569
56	4	56	North Wisconsin Institute	2018	2018-07-10 17:47:51.3792	2018-07-10 17:47:51.3792
57	5	57	Wolf Academy	2006	2018-07-10 17:47:51.412483	2018-07-10 17:47:51.412483
58	6	58	Renner University	2001	2018-07-10 17:47:51.445595	2018-07-10 17:47:51.445595
59	6	59	East Idaho Academy	2005	2018-07-10 17:47:51.478914	2018-07-10 17:47:51.478914
60	1	60	East Hilll	2014	2018-07-10 17:47:51.512482	2018-07-10 17:47:51.512482
61	3	61	Eastern Murray Institute	2015	2018-07-10 17:47:51.545642	2018-07-10 17:47:51.545642
62	5	62	South Wisconsin University	2017	2018-07-10 17:47:51.579057	2018-07-10 17:47:51.579057
63	2	63	Eastern Indiana University	2008	2018-07-10 17:47:51.612628	2018-07-10 17:47:51.612628
64	5	64	West Gorczany	2009	2018-07-10 17:47:51.645893	2018-07-10 17:47:51.645893
65	3	65	Northern Arkansas Academy	2011	2018-07-10 17:47:51.679651	2018-07-10 17:47:51.679651
66	2	66	North McDermott	2002	2018-07-10 17:47:51.712056	2018-07-10 17:47:51.712056
67	1	67	North Oberbrunner	2006	2018-07-10 17:47:51.745383	2018-07-10 17:47:51.745383
68	2	68	Northern Washington University	2010	2018-07-10 17:47:51.778626	2018-07-10 17:47:51.778626
69	6	69	East Louisiana College	2005	2018-07-10 17:47:51.811965	2018-07-10 17:47:51.811965
70	4	70	South Ledner	2015	2018-07-10 17:47:51.845278	2018-07-10 17:47:51.845278
71	5	71	Mann Institute	2015	2018-07-10 17:47:51.878505	2018-07-10 17:47:51.878505
72	5	72	Stark Institute	2017	2018-07-10 17:47:51.911867	2018-07-10 17:47:51.911867
73	1	73	Vandervort Academy	2013	2018-07-10 17:47:52.045648	2018-07-10 17:47:52.045648
74	2	74	Haley Institute	2008	2018-07-10 17:47:52.07814	2018-07-10 17:47:52.07814
75	6	75	Kertzmann College	2008	2018-07-10 17:47:52.111624	2018-07-10 17:47:52.111624
76	2	76	North Arkansas Academy	2010	2018-07-10 17:47:52.145046	2018-07-10 17:47:52.145046
77	2	77	Eastern Shanahan Academy	2004	2018-07-10 17:47:52.178241	2018-07-10 17:47:52.178241
78	4	78	Wilderman Academy	2004	2018-07-10 17:47:52.211435	2018-07-10 17:47:52.211435
79	6	79	North Arkansas Academy	2014	2018-07-10 17:47:52.244724	2018-07-10 17:47:52.244724
80	4	80	The New Jersey Institute	2013	2018-07-10 17:47:52.277974	2018-07-10 17:47:52.277974
81	3	81	Northern New Jersey University	2012	2018-07-10 17:47:52.311291	2018-07-10 17:47:52.311291
82	5	82	Crist Academy	2012	2018-07-10 17:47:52.344669	2018-07-10 17:47:52.344669
83	2	83	Bruen University	2001	2018-07-10 17:47:52.378477	2018-07-10 17:47:52.378477
84	3	84	Kemmer University	2001	2018-07-10 17:47:52.411975	2018-07-10 17:47:52.411975
85	1	85	O'Kon Institute	2016	2018-07-10 17:47:52.444721	2018-07-10 17:47:52.444721
86	6	86	Eastern Ankunding	2011	2018-07-10 17:47:52.477753	2018-07-10 17:47:52.477753
87	3	87	North Moore Academy	2018	2018-07-10 17:47:52.511291	2018-07-10 17:47:52.511291
88	2	88	Western Crona College	2014	2018-07-10 17:47:52.544359	2018-07-10 17:47:52.544359
89	6	89	South Weissnat College	2014	2018-07-10 17:47:52.577908	2018-07-10 17:47:52.577908
90	2	90	The Mississippi University	2015	2018-07-10 17:47:52.611261	2018-07-10 17:47:52.611261
91	6	91	Fay Academy	2016	2018-07-10 17:47:52.656567	2018-07-10 17:47:52.656567
92	2	92	Crona Institute	2009	2018-07-10 17:47:52.689937	2018-07-10 17:47:52.689937
93	4	93	Southern Grant University	2006	2018-07-10 17:47:52.721938	2018-07-10 17:47:52.721938
94	5	94	Southern West Virginia Institute	2004	2018-07-10 17:47:52.755244	2018-07-10 17:47:52.755244
95	4	95	Western Kunze	2017	2018-07-10 17:47:52.788669	2018-07-10 17:47:52.788669
96	1	96	West Vermont Institute	2005	2018-07-10 17:47:52.821881	2018-07-10 17:47:52.821881
97	4	97	Sawayn Academy	2002	2018-07-10 17:47:52.855059	2018-07-10 17:47:52.855059
98	6	98	Bradtke College	2017	2018-07-10 17:47:52.888452	2018-07-10 17:47:52.888452
99	3	99	Northern Mississippi Institute	2013	2018-07-10 17:47:52.921717	2018-07-10 17:47:52.921717
100	2	100	North Hodkiewicz College	2003	2018-07-10 17:47:52.955099	2018-07-10 17:47:52.955099
101	2	1	aba	2005	2018-07-11 14:30:19.644562	2018-07-11 14:30:19.644562
102	1	101	LMV	2068	2018-07-13 14:23:31.056176	2018-07-13 14:23:31.056176
103	2	101	DAV	2070	2018-07-13 14:23:31.098055	2018-07-13 14:23:31.098055
104	4	101	AIC	2075	2018-07-13 14:23:31.10034	2018-07-13 14:23:31.10034
105	2	102	asd	2076	2018-08-30 10:08:29.726835	2018-08-30 10:08:29.726835
106	2	102	das	2007	2018-08-30 10:08:29.812241	2018-08-30 10:08:29.812241
\.


--
-- Name: seeker_educations_id_seq; Type: SEQUENCE SET; Schema: public; Owner: -
--

SELECT pg_catalog.setval('public.seeker_educations_id_seq', 106, true);


--
-- Data for Name: seeker_profiles; Type: TABLE DATA; Schema: public; Owner: -
--

COPY public.seeker_profiles (id, first_name, last_name, phone_no, sex, prefered_loc, salary, dob, nationality, perm_address, temp_address, experience, description, location, job_status, certificate, seeker_id, created_at, updated_at, photo, attachment) FROM stdin;
2	Camren	Brown	399-168-9964	\N	Apt. 214 96353 Kemmer Fields, Friesenland, MT 96028-0197	6128	2000-11-04	Nepalese	Joantown	Lake Briana	3	["Minima ad aliquam earum quam sit commodi quisquam. Amet aut sed aliquid reprehenderit. Libero quae ab ea eum vero eos mollitia. Voluptatem placeat impedit est quo fugit suscipit.", "Sunt asperiores deleniti aut temporibus pariatur nisi. Minus aut quia. Vel consectetur saepe. Excepturi est in itaque ex eos.", "Et magni a in vel nulla. Aut voluptate quas ut. Veniam ipsa sit velit qui repellendus corporis. Qui totam deserunt voluptatem ullam porro et quasi."]	\N	f		2	2018-07-10 17:40:09.451772	2018-07-10 17:40:09.451772	\N	\N
3	Ocie	Jast	(719) 736-4895	\N	43710 Schamberger Squares, Lake Andreanne, VA 81060-5234	5268	1974-04-08	Nepalese	Orenmouth	Aftontown	3	["Unde ut aperiam alias architecto ipsa aliquam autem. Veniam cumque esse aliquam dolorem velit. Id nam mollitia magni.", "Voluptatem earum aut qui sit doloribus. Maxime libero quia aliquam sit dicta. Ut et fugiat eum. Recusandae quis iure. Animi repellendus ut.", "Quaerat dolorem repellendus beatae quam qui eos dolores. Eveniet et odio provident omnis maiores qui ut. Eveniet sed doloremque ipsa voluptate rem nisi. Ut voluptas velit cupiditate. Quo unde sequi nobis alias possimus earum."]	\N	t		3	2018-07-10 17:40:09.800653	2018-07-10 17:40:09.800653	\N	\N
4	Kaylie	Schaefer	939-668-3382	\N	33738 Estrella Burg, Lefflerview, MI 40540-2352	8365	2006-04-03	Nepalese	South Casperbury	New Lenny	3	["Blanditiis autem rem id. Et dolores iste laudantium. Consequatur reiciendis ut molestiae eum aliquam minima. Ab accusantium neque aliquam a accusamus doloremque.", "Corporis non adipisci maxime ea sit aliquid. Soluta non harum. Corporis voluptatem rerum quasi est error eum asperiores.", "Reiciendis est officiis voluptatem ut sed. Quisquam eaque expedita. Magnam itaque est illum quo assumenda omnis."]	\N	f		4	2018-07-10 17:40:10.072128	2018-07-10 17:40:10.072128	\N	\N
5	Grace	Macejkovic	1-955-248-7456	\N	179 Baby Ridge, Baileychester, CT 38116	6763	1976-05-30	Nepalese	Howellberg	Chloeland	2	["Sit et perspiciatis dolores. Sed distinctio aut sed est omnis cupiditate perspiciatis. Ut velit consequatur eveniet nobis aut. Aspernatur et sunt.", "Placeat earum corrupti reiciendis consequuntur odio. Harum eveniet nulla eum fugit qui dolorem perspiciatis. Harum est eaque corporis dignissimos. Nihil officiis rem nostrum autem voluptatem ut. Exercitationem debitis dolores soluta eum aperiam non.", "Voluptas nobis occaecati quibusdam officia exercitationem. Omnis assumenda corporis beatae illum nemo aut expedita. Recusandae ducimus molestiae illum omnis culpa sit."]	\N	f		5	2018-07-10 17:40:10.32753	2018-07-10 17:40:10.32753	\N	\N
6	Malachi	Rowe	1-175-387-6180	\N	2205 Trycia Summit, Feeneyville, TN 34876	9611	1986-12-11	Nepalese	North Brennanfurt	North Jarod	1	["Quaerat amet explicabo necessitatibus velit. Deleniti delectus iste assumenda. Omnis cupiditate veniam aliquid quis occaecati. Quia et aut ut. Ipsa rerum molestiae ullam.", "Natus nemo ut placeat. Autem aliquam ab. Est quia nostrum et est repudiandae molestiae. Quaerat ut cum quia.", "Quo sit officiis est blanditiis cumque voluptatem et. Quidem libero et atque illum sint rem. Facere laborum quas ducimus vel et. Mollitia sit nisi qui omnis."]	\N	f		6	2018-07-10 17:40:10.596072	2018-07-10 17:40:10.596072	\N	\N
7	Colin	Heidenreich	1-572-535-9605	\N	3038 Travis Plain, Lake Mae, NV 25905	2699	2007-12-01	Nepalese	Port Tyson	Emardmouth	3	["Ut omnis itaque assumenda quisquam natus possimus dolores. Delectus ex expedita nemo ut recusandae assumenda. Praesentium quas placeat.", "Assumenda hic numquam animi eaque nostrum. Corporis nam ad beatae enim. Sunt est dolores quis. Veritatis repellat fugit.", "Dignissimos iure maxime. Et adipisci dolorem eligendi cum. Autem recusandae voluptas quam cupiditate."]	\N	f		7	2018-07-10 17:40:10.861652	2018-07-10 17:40:10.861652	\N	\N
8	Wendy	Kovacek	(856) 176-0575	\N	1919 Madaline Motorway, East Ebony, MT 91005-0255	6647	1999-08-13	Nepalese	Port Brendan	Handland	3	["Facilis quisquam deleniti impedit consequuntur alias sed quia. Asperiores voluptatibus aspernatur beatae. Qui accusamus laboriosam velit voluptas perferendis.", "Aut architecto corrupti cupiditate optio ratione vel. Ut ea vel eos. Architecto autem consequatur rem. Consectetur omnis quisquam earum.", "Ratione dolor officia. Consequuntur fuga ullam ducimus exercitationem cumque sint quod. Illo rem id."]	\N	t		8	2018-07-10 17:40:11.117169	2018-07-10 17:40:11.117169	\N	\N
9	Euna	Hansen	382-005-2172	\N	Apt. 815 965 McLaughlin Ports, Bentonport, MD 51440-2866	6229	1996-06-18	Nepalese	New Godfrey	Borerview	2	["Qui dicta animi cum. Ratione veritatis quia vel dolorem quidem et id. Culpa ut suscipit aut dolorem molestiae hic qui. Qui est enim nisi esse qui eos.", "Est laudantium numquam suscipit illum possimus ipsam autem. Voluptates iusto eligendi nemo quaerat consequatur nisi. Consectetur porro magnam. Aut non omnis iste rem et. Aut voluptas a optio labore consectetur fuga.", "Dignissimos doloremque doloribus voluptates animi necessitatibus exercitationem perspiciatis. Non cum nostrum similique aliquam dolorem. Autem ullam nostrum labore et."]	\N	t		9	2018-07-10 17:40:11.384005	2018-07-10 17:40:11.384005	\N	\N
10	Arvilla	Davis	352.869.2525	\N	Suite 874 401 Gaylord Lock, North Claireville, CT 76894	9754	1979-11-11	Nepalese	West Bret	East Donnie	2	["Ut quas enim nobis. Totam qui esse tempore et quia et. Sit temporibus eum optio. Ut asperiores eius et quo voluptas occaecati placeat. Iusto debitis quos.", "Numquam et sunt. Tempora iure tenetur quas ut labore. Laboriosam et est quia nisi eum numquam in. Optio facilis autem eos explicabo.", "Sint repellendus ipsa consectetur dicta est alias. Reiciendis accusamus ea nesciunt. Quas odit velit quam sed dignissimos consequatur. Sit aliquam velit sunt. Ut dignissimos consequatur."]	\N	t		10	2018-07-10 17:40:11.652212	2018-07-10 17:40:11.652212	\N	\N
11	Rachael	Bashirian	291.787.9190	\N	Apt. 673 41824 Shields Landing, Rogahnburgh, ND 11115	3167	1983-04-08	Nepalese	West Mylene	Santosville	3	["Nihil minima rerum esse aspernatur magni corporis. Iste vel voluptatibus enim voluptatem impedit dolores. Aut quis culpa.", "Accusantium delectus aut. Ipsam tenetur dignissimos. Quo consectetur at. Vitae illo quia et corporis iusto. Iste non non.", "Fugit dolor non consequatur et porro corporis sit. Voluptatem molestiae blanditiis rerum commodi quae. Suscipit molestiae ipsa. Animi eius accusantium beatae iste explicabo labore."]	\N	t		11	2018-07-10 17:40:11.926608	2018-07-10 17:40:11.926608	\N	\N
12	Logan	Nicolas	1-974-374-6881	\N	3911 Maida Ville, East Duanetown, CT 40136-2496	6927	1989-01-12	Nepalese	Glennachester	New Dortha	1	["Quam assumenda omnis perspiciatis officiis. Corporis sit cumque consequatur error tenetur ut hic. Ut voluptatem reiciendis ex.", "Repudiandae et eius. Repellendus sunt illo velit at quia reiciendis. Tempora perspiciatis ipsum iste amet voluptas. Qui in ut deserunt.", "Dolores nesciunt modi aut voluptate et. Et ducimus cum optio vero et inventore. Rerum et accusantium rerum ipsa."]	\N	f		12	2018-07-10 17:40:12.181576	2018-07-10 17:40:12.181576	\N	\N
13	Lolita	Langworth	881-863-5431	\N	Suite 971 8420 Fadel Locks, Pagacbury, TN 93028	7113	1976-03-21	Nepalese	North Jamal	Stammview	2	["Autem omnis est laudantium. Laborum quia expedita facere adipisci sit. Sint tempore laborum repellendus. Libero et corporis odio magni et expedita.", "Corporis temporibus cum aliquid sed non rem. Et necessitatibus soluta voluptas enim. Culpa nihil et. Ea iure eveniet itaque rem. Quas dolorem alias.", "Adipisci unde earum quibusdam ad vero hic. Aliquam rem doloremque aut. Vel sit corrupti nihil iste suscipit laborum itaque. Eligendi sint quasi sit voluptatum placeat omnis."]	\N	f		13	2018-07-10 17:40:12.451005	2018-07-10 17:40:12.451005	\N	\N
14	Maureen	Turner	698-261-7920	\N	Apt. 692 5960 Kshlerin Squares, Gleichnerfurt, AL 24978	3948	1989-03-28	Nepalese	Jeniferland	Port Guiseppehaven	3	["Occaecati et vel ea modi minus. Doloremque debitis dignissimos veritatis et. Ea porro nemo mollitia. Et quae consequatur neque ipsa fugiat id. Placeat corporis rerum ipsam expedita occaecati voluptas.", "Ut et consequatur ad odit et molestiae deserunt. At optio est qui qui sapiente numquam. Nulla quia consequatur doloremque et voluptatibus.", "Omnis quo amet doloremque. Molestiae dolor omnis ab qui. Ut iure incidunt nulla quo eos fugit nihil."]	\N	t		14	2018-07-10 17:40:12.725414	2018-07-10 17:40:12.725414	\N	\N
15	Fabian	Nienow	247.135.2504	\N	Suite 443 49454 Davis Creek, West Pierre, NC 32251-2688	6082	2007-11-07	Nepalese	New Augusta	Lake Norberto	2	["Inventore corporis laudantium sit saepe nobis aut. Possimus maxime non similique est eum. Itaque voluptas voluptas nesciunt. Fugiat voluptates omnis fugit eos dolorem.", "Nostrum reprehenderit dolores est. Voluptatem porro voluptatem. Aut fuga illum dolor. Ipsa quae voluptatem molestias ut recusandae est voluptatem. Error veniam ipsa.", "Nostrum sequi et error quia voluptatem. Doloribus amet mollitia. Earum omnis sed quasi. Rem et tempora aliquid accusamus blanditiis dolores qui."]	\N	f		15	2018-07-10 17:40:12.969852	2018-07-10 17:40:12.969852	\N	\N
16	Crystal	Okuneva	246.199.0937	\N	Suite 481 3185 Herzog Fort, Toybury, VA 66688-4099	3294	1978-08-22	Nepalese	Gottliebshire	North Lou	1	["Rerum mollitia provident cum modi. Velit assumenda voluptatem nulla autem ipsam. Rerum nihil veritatis molestias necessitatibus officia dolorem. Fuga amet eius nobis qui. Excepturi qui perspiciatis.", "Nihil dolor at sapiente. Fugiat aut sit et. Ut facilis et. Quia nihil voluptas tempore.", "Voluptatibus eos sequi. Quisquam non perferendis dolorem voluptatem quia iure id. Exercitationem laboriosam blanditiis deserunt qui omnis."]	\N	t		16	2018-07-10 17:40:13.247081	2018-07-10 17:40:13.247081	\N	\N
17	Dejah	Roberts	(488) 596-7987	\N	89500 Lehner Expressway, Angelfurt, MT 57591	8289	1978-12-12	Nepalese	East Jany	West Elliotttown	3	["Eos magni expedita necessitatibus. In quasi laboriosam rerum et. Quod impedit doloremque repudiandae vitae laudantium ut provident.", "A necessitatibus sint sed et facilis quaerat et. Vel fuga amet recusandae doloremque voluptatem fugiat soluta. Et optio cupiditate sed quia possimus. Unde dignissimos blanditiis.", "Repellat natus voluptatem fugiat. Dolores quos voluptatibus velit. Labore laborum sed dolorem corrupti. Consectetur quos ducimus sed. Sed eius eos ea non cumque id autem."]	\N	f		17	2018-07-10 17:40:13.502796	2018-07-10 17:40:13.502796	\N	\N
18	Kallie	Nader	1-182-040-6130	\N	Apt. 904 58237 Ray Fords, Noehaven, IN 84098	6844	1990-04-24	Nepalese	Elizabethfort	West Alyceburgh	3	["Commodi facilis ut ea. Beatae aperiam expedita et animi rerum. Aut natus animi aut veniam sit rerum. Laborum eos perspiciatis sed ut omnis.", "Est est dicta. Hic et quia dolor molestiae reprehenderit aut. Ullam voluptas nam omnis.", "Est sit autem adipisci illum. Omnis et corporis ducimus voluptate. Perspiciatis molestias non. Iusto iure quia natus sunt voluptas rerum aut."]	\N	f		18	2018-07-10 17:40:13.768693	2018-07-10 17:40:13.768693	\N	\N
19	Violet	Cronin	281-837-9267	\N	987 Hoyt Skyway, Edisonshire, ME 62668	4928	1982-12-05	Nepalese	D'Amorehaven	Schummland	1	["Repellendus aperiam est. Harum cum consequuntur aliquid sunt in minima doloribus. Quidem libero quasi. Nesciunt sunt id qui assumenda enim.", "Aut quod quasi consequatur maiores et. Sit maxime blanditiis ea ut nulla. Neque quos voluptatem. Eveniet sit aut quos. Sed numquam nam non harum.", "Praesentium id mollitia ut officiis sequi quis. Explicabo pariatur labore. Ullam sint architecto et accusantium cum mollitia."]	\N	f		19	2018-07-10 17:40:14.023987	2018-07-10 17:40:14.023987	\N	\N
20	Anabel	O'Conner	1-292-849-2449	\N	Suite 308 90677 Amari Path, Crooksberg, MI 22975-6224	5235	1989-12-05	Nepalese	New Deon	East Stanfordstad	1	["Dolore quidem ut amet praesentium. Ducimus labore eveniet est animi. Rem sit et et. Ea tempore aliquam.", "Assumenda nemo repellendus minus quis voluptas. Assumenda ad et deleniti quas illum. Consequatur quos aspernatur in explicabo ut tenetur molestiae. Dolore commodi assumenda quam eveniet sed iure nesciunt.", "Repellat velit qui odio harum dolorum aspernatur delectus. Eius enim est accusamus. Est quo deleniti perspiciatis sunt ex."]	\N	t		20	2018-07-10 17:40:14.290033	2018-07-10 17:40:14.290033	\N	\N
21	Scotty	Gibson	315.909.1808	\N	44768 Schroeder Viaduct, Botsfordchester, AL 80374-8033	8842	2003-09-27	Nepalese	Lake Bartholome	Matildamouth	3	["Repellendus dolorum quia et. Expedita nam et et aut assumenda. Quo eos dignissimos.", "Asperiores in error debitis. Rerum facere soluta odio rem et omnis aut. Quibusdam laboriosam qui. Temporibus voluptatem ut molestiae nihil cupiditate maxime. Quo omnis officia voluptas ut quae ipsa ipsam.", "Aut qui corporis ipsum odio dolore commodi quae. Ea iste explicabo sit. Laboriosam quia doloremque sint numquam ut dolores cupiditate. Recusandae fuga voluptate qui et ea ab neque. Esse incidunt nihil harum cumque quae."]	\N	f		21	2018-07-10 17:40:14.545093	2018-07-10 17:40:14.545093	\N	\N
22	Audreanne	VonRueden	1-994-612-1276	\N	101 Chanelle Branch, Vellatown, NM 38753-2030	7785	2007-11-16	Nepalese	Port Leanne	Port Shaunfurt	3	["Id enim sed voluptatem et minima ipsum corporis. Iure recusandae quas sunt facere odit dolorem officiis. Modi eos eligendi explicabo minus. Sint saepe voluptatem ipsam. Tempora molestiae enim et.", "Neque dolorum voluptatibus consequatur harum. Natus ut at sunt earum aut quae. Et odit aut est maiores molestiae id. Non eos illum non sequi. Cum voluptatum ad ut.", "Optio ut odit sint temporibus aperiam rerum non. Iusto tenetur exercitationem minima voluptatem eveniet deleniti. Qui commodi voluptate."]	\N	t		22	2018-07-10 17:40:14.82331	2018-07-10 17:40:14.82331	\N	\N
23	Bella	Fay	1-730-320-9622	\N	41639 Schaden Ports, Lake Lauraport, OH 84238	5222	1973-06-01	Nepalese	Kaciside	East Arthurhaven	2	["Repellat assumenda corrupti itaque nesciunt voluptas. Iure tempore cum. Perspiciatis alias fuga et.", "Dolores saepe voluptatibus officiis repellendus impedit et consequatur. In ut laudantium dolores. Aut amet ut odio adipisci omnis perspiciatis ducimus.", "Culpa corporis aut sit laudantium et id. Ipsum expedita ea facilis. Inventore mollitia voluptates suscipit."]	\N	f		23	2018-07-10 17:40:15.099708	2018-07-10 17:40:15.099708	\N	\N
24	Sienna	Hegmann	1-616-076-8340	\N	Apt. 807 78883 Ciara Village, Donnellytown, NH 46591-6017	5911	1974-03-28	Nepalese	Kilbackfort	Lake Quincy	3	["Voluptatem occaecati beatae incidunt nihil culpa error perspiciatis. Ipsa qui voluptatem quia beatae neque suscipit est. Qui sit dolor quis veritatis consequatur sequi. Eum fuga fugit totam expedita.", "Dolore omnis et et nemo. Et cumque alias. Velit non modi.", "Itaque quia est consequatur rerum voluptatem consequuntur sequi. Esse sint optio consectetur qui aliquam perspiciatis. Qui est quis. Qui enim ducimus reiciendis aspernatur non molestiae necessitatibus."]	\N	t		24	2018-07-10 17:40:15.355229	2018-07-10 17:40:15.355229	\N	\N
25	Jamie	Rosenbaum	1-573-339-2722	\N	1683 Gavin Locks, Roobburgh, IN 34532-1089	3373	1976-08-29	Nepalese	New Meagan	Ardithhaven	1	["Nam totam rerum esse ad. Quaerat et enim aperiam architecto ratione autem in. Sunt dolores voluptates et.", "Repellat error facilis eos voluptas eligendi ipsa. Dolore labore maiores et. Ea eligendi illum officiis odio hic similique. Quisquam consequatur in vel.", "Incidunt et qui voluptatibus autem ipsam. Nihil non vel magnam. In odio quisquam. Perspiciatis porro sed consequatur."]	\N	t		25	2018-07-10 17:40:15.611016	2018-07-10 17:40:15.611016	\N	\N
26	Eliseo	Okuneva	(681) 667-8323	\N	37373 Dooley Stream, Port Zack, KS 89684	3346	1984-11-26	Nepalese	North Jaymefurt	North Miguelview	2	["Incidunt et aut aperiam et ut ut quia. Fugiat nesciunt aliquam. Reprehenderit necessitatibus aut. Asperiores vitae aut unde ut temporibus atque. Illo excepturi quasi cum officia voluptates.", "Ipsa et voluptate et. Est et pariatur voluptatem repellendus et aut. Minus placeat voluptates. Voluptatem enim reiciendis possimus iure. Ut nemo dolorum rerum.", "Illo dolores omnis eos veritatis praesentium placeat. Alias perspiciatis non sapiente sunt. Reprehenderit unde aut perspiciatis placeat sapiente eos."]	\N	f		26	2018-07-10 17:40:15.876697	2018-07-10 17:40:15.876697	\N	\N
27	Morgan	Kozey	868.381.5374	\N	Suite 834 1750 Darby Mall, North Wilford, WI 77397-1495	3956	1971-04-05	Nepalese	Mosesborough	Cathrynstad	2	["Illum nihil minima. Necessitatibus sed animi laudantium. Commodi quo voluptatem nam.", "Qui eligendi qui omnis animi sunt. Voluptas ipsa ut eos. Voluptate maxime veniam voluptas. Veritatis eos deleniti qui veniam fugiat et.", "Sit ipsum ut. Non consequuntur incidunt sapiente est quaerat. Voluptatibus placeat sint voluptas necessitatibus voluptas consectetur. Ex reprehenderit repellat tempore. Voluptatum minus in nisi omnis quam."]	\N	t		27	2018-07-10 17:40:16.131965	2018-07-10 17:40:16.131965	\N	\N
28	Nelle	Kerluke	(340) 803-5786	\N	Apt. 446 4185 Francesco Trace, Chasechester, CO 93339	8098	1996-09-07	Nepalese	Erichmouth	Port Cordie	2	["Quibusdam vel blanditiis repudiandae officia. Sapiente ut sunt quasi minima quisquam. Veniam doloribus perspiciatis omnis perferendis iure. Omnis vel omnis omnis voluptatem cupiditate. Repudiandae ab illum.", "Quis rerum culpa magnam. Adipisci sunt aliquam sapiente quas libero. Officia reiciendis atque. Velit officia quia corrupti quam maiores ipsa.", "Libero minus officiis. Dolorem numquam et. Doloribus dignissimos voluptas sunt inventore placeat."]	\N	t		28	2018-07-10 17:40:16.387827	2018-07-10 17:40:16.387827	\N	\N
29	Katlyn	Sanford	(684) 185-6277	\N	7964 Kovacek Divide, New Dorothea, NC 97521	5747	1969-03-03	Nepalese	Edwardoport	Port Orlandoland	1	["Qui quam similique eos omnis praesentium. Quia enim id voluptate consequatur vero dolores sit. Eveniet aut rem quo rerum. Ipsum cum recusandae perspiciatis sint.", "Quo sint quae. Consequatur hic ab quo officiis. Delectus molestiae blanditiis nemo deserunt. Quia expedita est debitis asperiores eum tempora blanditiis.", "Est qui molestiae. Aliquid sed autem. Laudantium molestias et sit ab. Inventore aliquam deserunt. Qui incidunt inventore rerum error."]	\N	t		29	2018-07-10 17:40:16.656409	2018-07-10 17:40:16.656409	\N	\N
30	Oren	Waters	177.673.0940	\N	Apt. 506 168 Bethany Haven, South Gwen, PA 47428-8774	6742	2008-03-19	Nepalese	Lake Loisville	South Ebbahaven	3	["Qui aperiam possimus voluptatibus. Harum quisquam eligendi minima magni sit delectus. Incidunt provident id occaecati est expedita deserunt. Voluptatem nisi corrupti nulla mollitia maxime.", "Est eos harum facere quae omnis. Labore molestias sit tempora amet corporis nihil aut. Vitae autem omnis quia deserunt. Incidunt porro sint est qui.", "Magnam placeat ipsam voluptates voluptatem aut. Repellat exercitationem possimus. Temporibus maiores debitis. Hic atque aut itaque dignissimos rerum dolores."]	\N	f		30	2018-07-10 17:40:16.932787	2018-07-10 17:40:16.932787	\N	\N
31	Brenda	Dickens	605.214.9785	\N	742 West Trafficway, East Russelstad, OH 72139-8802	9538	2003-11-30	Nepalese	Emelialand	Port Virgilshire	3	["Eveniet rerum consequatur velit placeat voluptatem. Facere id iste. Ut non est animi sit fuga nihil non. Occaecati deserunt repudiandae quae. Optio est quibusdam et beatae.", "Qui dolor occaecati animi ut dolorum. Magnam accusantium voluptate omnis sequi ad. Autem nesciunt voluptatum doloribus aut commodi. Et ratione molestiae voluptas eius dolorem ut eligendi.", "Ut nostrum totam eveniet ipsum quo. Ut maxime libero qui autem eveniet. Voluptatem aut et quia fugiat rerum beatae tempora. Neque repellat distinctio voluptas praesentium."]	\N	t		31	2018-07-10 17:40:17.233702	2018-07-10 17:40:17.233702	\N	\N
32	Marcus	Franecki	435-598-0203	\N	Apt. 733 138 Mark Ridges, North Ulicesfort, MS 34968	3206	1981-08-29	Nepalese	Charitystad	East Soledad	3	["Non officia doloribus alias maxime sint earum. Non reprehenderit quia ducimus nihil doloribus qui. Corporis qui aspernatur rem quis et.", "Est harum quo et fuga. Et architecto consequatur sit praesentium incidunt quas. Iusto architecto minima dignissimos autem omnis reiciendis.", "Placeat rerum sunt quia est suscipit. Et sed est placeat. Dolorem culpa illo."]	\N	t		32	2018-07-10 17:40:17.519032	2018-07-10 17:40:17.519032	\N	\N
33	Kurtis	Denesik	1-556-437-3417	\N	486 Reese Fork, North Ardella, UT 61243	3090	2005-08-10	Nepalese	New Rowanville	Port Millie	1	["Provident quis perspiciatis vel. Adipisci perspiciatis porro. Beatae eum quae. Reprehenderit voluptas porro et iusto molestiae.", "Impedit corrupti a. Laboriosam adipisci sit velit nihil sed. Suscipit facilis non iste itaque.", "Aut odit voluptas autem. Quia et omnis aut accusamus veritatis. Velit alias corrupti corporis est voluptate at sint. Ullam deserunt accusamus excepturi cumque. Sit aut non optio."]	\N	t		33	2018-07-10 17:40:17.796668	2018-07-10 17:40:17.796668	\N	\N
34	Kevin	Schumm	926.855.2893	\N	Suite 435 891 Astrid Union, East Geovany, DE 86439-1781	9172	2001-07-20	Nepalese	Colestad	Corwinport	1	["Suscipit in ipsam qui nostrum modi. Sit repellendus quo est nihil quis error. Eaque dolorem animi fuga itaque nulla voluptates.", "Fugit eum expedita ut. Quia illo dicta totam sit maxime voluptas eveniet. Qui eius neque tenetur. Tempore est suscipit eum est architecto perferendis a. Fuga occaecati modi et ipsa omnis qui sequi.", "Eum quidem delectus fuga dolor impedit. Adipisci est aspernatur voluptatem qui quas dolorum accusamus. Vitae et repellendus. Occaecati consectetur impedit temporibus animi aut."]	\N	f		34	2018-07-10 17:40:18.06351	2018-07-10 17:40:18.06351	\N	\N
35	Benedict	Skiles	(834) 713-1031	\N	Apt. 562 54970 Schamberger Rest, Desireeshire, KY 83631	6539	2004-01-13	Nepalese	North Earnestinetown	Pfefferstad	1	["Ex deleniti quo omnis sunt accusantium sequi repellat. Quam ut beatae quidem officiis libero magnam sed. Voluptas et laudantium et provident qui. Officia dolorem sit aliquam eos doloribus.", "Consectetur rem vel consequuntur ex. Laudantium doloremque ut. Est aut debitis et minus magni qui aut. Mollitia ut nam nostrum nihil quo. Rerum sequi quis cupiditate.", "Deserunt eaque sit. Qui alias nisi itaque perferendis totam. Non enim minima voluptas nihil rem."]	\N	f		35	2018-07-10 17:40:18.339906	2018-07-10 17:40:18.339906	\N	\N
36	Elmore	Considine	522.873.7383	\N	Apt. 118 447 Melyna Inlet, Larkinton, OK 48815-3256	9331	1997-03-25	Nepalese	South Mittiefort	Randystad	2	["Sint dignissimos unde. Labore voluptas quo magni. Ut unde nihil voluptatem non possimus ex odio. Ea voluptatem ratione totam repellat corporis sint animi.", "Quos ipsum ut. Non consectetur nam explicabo. Ducimus dolorem non qui in.", "Reiciendis quis esse nihil quia est et expedita. Fugit ullam autem quisquam debitis repellat fugiat non. Atque quo deserunt dolor itaque pariatur possimus molestiae."]	\N	t		36	2018-07-10 17:40:18.606395	2018-07-10 17:40:18.606395	\N	\N
37	Roman	Schulist	396.826.6571	\N	19015 Tad Village, McLaughlinport, MO 72963	6502	2007-11-10	Nepalese	New Lunaburgh	South Liaton	2	["Odio et autem enim officiis eius nihil. Aspernatur fugiat ea non enim explicabo dolorem et. In necessitatibus occaecati voluptate facilis minus. Qui et odio.", "Ullam saepe odit accusantium et velit adipisci. Dolores et distinctio ipsa rem et. Aliquam numquam autem earum ipsa incidunt ab.", "Et dolor ipsa voluptates ea corporis. In voluptatem dolor assumenda ex rerum. Placeat soluta voluptatem. Placeat dolore dolorum eos voluptatem nihil repudiandae. Velit qui molestias et."]	\N	f		37	2018-07-10 17:40:18.872399	2018-07-10 17:40:18.872399	\N	\N
38	Barrett	Reichert	(687) 639-8730	\N	2331 Kiehn Meadows, Dachborough, AZ 44228	9942	1973-10-23	Nepalese	North Earl	Gleichnerburgh	3	["Sed numquam non veritatis sunt. Vitae aperiam enim. Qui perferendis et. Rem et omnis voluptatem neque aliquam quia cum.", "Est ut sequi perspiciatis iste. Quod numquam est. Distinctio eaque odio et error porro minus eveniet. Impedit at similique sunt qui est. Consequatur quos qui iure laudantium.", "Similique iure voluptas autem quibusdam reprehenderit illum facere. Mollitia aspernatur hic. Optio est qui quaerat."]	\N	f		38	2018-07-10 17:40:19.138712	2018-07-10 17:40:19.138712	\N	\N
39	Lewis	Flatley	537-212-0192	\N	Suite 414 602 Huels Valley, Abelardoport, AL 35550	5510	1986-06-27	Nepalese	Aufderharhaven	New Mark	2	["Nam voluptatem qui quam et aut ut. Necessitatibus deserunt et assumenda nam. Sint sed similique nostrum. Eos dolor ratione voluptas sequi blanditiis.", "Nisi nam id non provident non ratione. Aspernatur aut blanditiis. Quo sit perspiciatis natus eligendi. Quis et doloribus aut.", "Laudantium a autem magnam adipisci. Sed sunt quis ullam. Aut nihil quasi alias magni. Laudantium eaque cum non unde dolorem porro."]	\N	t		39	2018-07-10 17:40:19.405056	2018-07-10 17:40:19.405056	\N	\N
40	John	Stracke	553.248.5360	\N	Apt. 309 92192 Kariane Ridges, Port Briamouth, OH 33335-8049	2108	2008-06-16	Nepalese	Port Kirk	Harberview	1	["Et voluptas iusto. Ut possimus et molestias voluptates aut cumque. Amet quia dolorem numquam quo est. Optio et error quas explicabo voluptates.", "Eveniet odit nesciunt. Est similique enim recusandae quo quaerat earum. Sunt dicta eum.", "Laborum quidem sed voluptatem consequatur. Nemo rerum error ut voluptas rerum repellendus qui. Nemo dolores eaque maxime a incidunt quisquam omnis."]	\N	f		40	2018-07-10 17:40:19.671366	2018-07-10 17:40:19.671366	\N	\N
41	Carlo	Gislason	1-441-795-0869	\N	504 Luna Vista, North Domenickstad, IA 88781-9983	2464	1998-05-27	Nepalese	East Chayashire	Altenwerthville	3	["Reiciendis natus sit ut commodi. Similique esse enim aliquam ipsam dolorum dignissimos. Exercitationem non similique. Voluptas sint fuga dolorem aut saepe. Quasi quisquam eos cum.", "Fugit doloremque et nam fuga dolor deserunt magnam. Sint perferendis quia fuga adipisci modi numquam. Itaque et ut exercitationem et vero qui mollitia. Magni adipisci quam cum est. Facilis provident maiores.", "Ut amet ducimus sunt vel dicta dolorum est. Non et magnam odit ea optio corporis. Et numquam id autem culpa id."]	\N	f		41	2018-07-10 17:40:19.97123	2018-07-10 17:40:19.97123	\N	\N
42	Kameron	Rath	(171) 224-6070	\N	4231 Mayer Crest, Kirlinbury, MI 76283-9789	3059	1969-12-25	Nepalese	South Laila	Lake Drewborough	3	["Et quos dignissimos voluptates sunt. Ut omnis ea aspernatur non voluptatem. Accusantium sed accusamus qui et est culpa sit.", "Eius optio explicabo placeat ea ullam tempore. Pariatur nam aliquam praesentium in magnam vitae sit. Tempora deserunt eos. Excepturi est mollitia corporis rerum quo ipsa repellat. Non et facere possimus ut beatae ullam.", "Eum deleniti corporis fuga dolores. Delectus quia saepe amet aliquam. Dolor aut tenetur architecto dolore est laboriosam ut. Quia non molestiae et similique veritatis animi voluptatem. Sint ipsum velit in dolores."]	\N	t		42	2018-07-10 17:40:20.24846	2018-07-10 17:40:20.24846	\N	\N
43	Aletha	Roob	491-730-2375	\N	Suite 273 84460 Akeem Forks, West Kiannabury, LA 74171	6464	1974-06-24	Nepalese	Port Maximillianchester	Veumstad	1	["Molestias autem optio ea voluptatem est doloribus. Est natus exercitationem incidunt libero. Est ullam impedit quidem fuga voluptatibus id. Quod debitis reiciendis enim eligendi ut ipsum fugit.", "Temporibus voluptatem quos enim eaque exercitationem quisquam. Quae ut aut vel mollitia error qui ea. Eligendi eveniet suscipit.", "Beatae eaque inventore ad aliquam. Est necessitatibus qui sequi aut. Blanditiis aut quasi sed adipisci nam perspiciatis. Quidem eveniet voluptatem in ipsum ut tempore quae. Mollitia et ullam est."]	\N	t		43	2018-07-10 17:40:20.514656	2018-07-10 17:40:20.514656	\N	\N
44	Ezra	Ziemann	947-573-0273	\N	4165 Bradtke Parkways, Malvinaville, CT 37373	5776	1996-07-02	Nepalese	Port Carleyberg	Orloberg	3	["Facere tenetur quibusdam eius. Neque reiciendis laboriosam quidem autem qui unde. Omnis accusamus et voluptatem.", "Et perferendis magni. Aperiam accusamus voluptas. Recusandae earum quam libero molestiae.", "Assumenda aut voluptatem enim. Non nisi ea quae sapiente. Sunt quia rerum autem doloribus dolores qui mollitia. Odit sunt magnam rem amet."]	\N	f		44	2018-07-10 17:40:20.780874	2018-07-10 17:40:20.780874	\N	\N
45	Maureen	Frami	(434) 216-3651	\N	Suite 525 470 Cassie Branch, Muellermouth, PA 33112	7226	1983-02-09	Nepalese	Alisonstad	Port Nathanael	3	["Quo sed similique. Molestiae dolor et dolores. Amet itaque ea praesentium iusto repellat. Velit voluptatem labore incidunt aliquam. Veniam doloremque voluptatem eum rerum rem corrupti cumque.", "Ut adipisci vitae cupiditate molestias sint a libero. Sit laudantium enim. Qui architecto autem omnis.", "Voluptatem ut dolores velit et. Eaque aut qui unde nobis aut et. Quae alias exercitationem aut ducimus iure aperiam et."]	\N	f		45	2018-07-10 17:40:21.047103	2018-07-10 17:40:21.047103	\N	\N
46	Vivienne	Brakus	(542) 144-0138	\N	220 Hamill Keys, New Olga, CT 59679	2206	1999-05-14	Nepalese	New Frederick	Lake Bert	2	["Eaque officia ut. Quas animi eos nemo vero. Qui accusamus placeat porro vero voluptatibus. Consequuntur eos tempora ducimus. Atque vitae eligendi quasi iure molestias ea.", "Et quisquam ut architecto voluptates assumenda excepturi vel. Quia non molestiae. Ullam libero architecto quasi. Aut et quidem architecto perspiciatis.", "Debitis enim perferendis illum. Eos vel necessitatibus. Qui alias ut non quia. Omnis repudiandae tempora ut et qui assumenda quia. Placeat nostrum dolor et."]	\N	t		46	2018-07-10 17:40:21.31354	2018-07-10 17:40:21.31354	\N	\N
47	Elvis	Bruen	1-165-413-9701	\N	8491 Schumm Locks, West Beaulahstad, PA 71402-9678	6064	1983-03-01	Nepalese	Lake Nathanial	Port Lelandland	3	["Aut quam consequuntur. Consectetur at iste eos enim. Optio dolores sequi enim. A qui dolorum deleniti sed aperiam.", "Consequatur accusantium voluptas sit perspiciatis harum facilis. Aut inventore et. Aliquam et assumenda minima praesentium aspernatur fugiat.", "Sapiente et eos. Velit iusto at officiis quisquam labore. Quae repellendus nam porro. Id velit harum quo fugiat tenetur enim qui."]	\N	f		47	2018-07-10 17:40:21.580402	2018-07-10 17:40:21.580402	\N	\N
48	Roman	McKenzie	(506) 180-4233	\N	3218 Sonia Ridge, West Zellabury, NH 29269	7660	2003-05-29	Nepalese	Walterport	West Lexusfurt	2	["Est libero autem ratione voluptatibus molestiae quae. Odio sequi officia tenetur doloribus tempora ad aspernatur. Explicabo delectus reiciendis. Ut quam labore.", "Consectetur sit voluptas quia. Non beatae doloremque totam. Animi ut harum vitae ducimus nemo consectetur. Laudantium temporibus dolor ipsam repellendus et et illum. Esse qui omnis fugiat consequatur asperiores qui.", "Ad omnis sequi culpa ea maxime illo. Atque nihil nam fugit. Eum sunt minus at eaque dolore ut."]	\N	f		48	2018-07-10 17:40:21.886645	2018-07-10 17:40:21.886645	\N	\N
49	Aron	Kub	(948) 310-7135	\N	Apt. 222 673 Beatty Lane, Williamsonbury, VA 22571	1852	2005-07-19	Nepalese	Collinsport	Tillmanview	3	["Nihil vitae delectus rem. Voluptatem et temporibus et officia adipisci natus. Libero quis ipsam. Odit minus voluptatem rerum.", "Deleniti voluptatem magnam. Sint voluptas est et sequi officiis qui. Rerum consequatur illum enim sed sapiente nulla impedit.", "Illo sed doloremque dolores aliquam a quia. Fuga qui perferendis quo qui occaecati. Qui numquam quia illo. Quia eligendi sed aut rerum et explicabo eveniet. Omnis quae sit deserunt voluptatum."]	\N	t		49	2018-07-10 17:40:22.157295	2018-07-10 17:40:22.157295	\N	\N
50	Alicia	Wiza	1-893-051-0631	\N	Apt. 476 486 Cassandra Vista, Bogisichside, SD 13300	2032	1974-09-18	Nepalese	New Charles	East Darrinbury	3	["Eaque aut voluptatem velit autem ut. Vel neque sit voluptate nisi quia. Aut illum provident aliquid voluptatum officia. Dolor est debitis corrupti.", "Aliquid quisquam dicta blanditiis. Sed dolorem doloribus esse. Eos quasi sint quo molestiae in ut quis. Sunt commodi dolor nesciunt natus aspernatur tenetur. Voluptate sint eum atque.", "Iste commodi aperiam aut laboriosam. Libero eligendi voluptatibus vel. Architecto minus sed dolores debitis veritatis."]	\N	t		50	2018-07-10 17:40:22.447155	2018-07-10 17:40:22.447155	\N	\N
51	Jerome	Kihn	669-942-1912	\N	741 Walsh Keys, Ethylhaven, ND 84724	3873	1971-04-21	Nepalese	Lake Ariannachester	Emiltown	3	["Quo fugit animi voluptas qui ea. Dolorem nobis repellat inventore omnis hic. Autem quia ex et. Debitis sapiente dignissimos nihil molestiae quaerat aut.", "Consequatur eos natus eius voluptates magni dolorem voluptas. Officiis voluptatibus quo. Quisquam voluptates veniam et voluptatibus. Quis dolorem blanditiis rerum rerum fuga repellat.", "Aspernatur autem vel exercitationem dolorem ex nobis. Ratione amet quaerat itaque blanditiis quasi. Minima debitis voluptates enim consequatur."]	\N	f		51	2018-07-10 17:40:22.723354	2018-07-10 17:40:22.723354	\N	\N
52	Kacey	Cremin	359.261.4838	\N	4625 Bruen Turnpike, Bergstromton, OR 37368-2604	5132	1982-04-22	Nepalese	Lehnertown	Raeganshire	1	["Consequatur repudiandae praesentium. Rerum unde aut. Ut nemo ab ipsam assumenda. Ut explicabo quo ad qui consequatur et.", "Sint et soluta mollitia aspernatur qui voluptatem. Rerum vitae dolore tempore et ut id ea. Nam expedita suscipit sed architecto consequuntur. Ut id magni aut similique qui eveniet totam.", "Eum voluptatem qui consequatur debitis sunt perferendis. Magnam veritatis molestiae omnis qui aut. Dicta eligendi veniam ullam quibusdam voluptate."]	\N	f		52	2018-07-10 17:40:23.001034	2018-07-10 17:40:23.001034	\N	\N
53	Alana	Ledner	1-135-974-7965	\N	74577 Sigrid Walk, Hamillshire, NC 83525-7171	7259	1990-05-12	Nepalese	Flaviechester	South Kevon	1	["Impedit et aut saepe. Ex delectus exercitationem. Non omnis aut soluta.", "Quo esse expedita laborum corrupti autem quo beatae. Blanditiis et optio voluptatem ea perspiciatis illum aspernatur. Mollitia delectus quasi officiis quibusdam in. Et dolor itaque ducimus adipisci.", "Ab maxime est rerum odit reiciendis et. Facilis et hic. Vitae perspiciatis repellendus consequatur ad sed esse. Ut enim eius est sed sit."]	\N	f		53	2018-07-10 17:40:23.31462	2018-07-10 17:40:23.31462	\N	\N
54	Benny	Torp	1-526-253-1744	\N	Apt. 863 4201 Harber Shores, Lake Velmamouth, KY 28458	4009	1970-07-16	Nepalese	Connellyville	East Bonnie	3	["Natus voluptatem saepe aut magnam quia totam. Iusto adipisci minus. Alias velit omnis ut.", "Voluptas dolorum iste consequatur fugiat occaecati delectus provident. Accusantium et nulla et nostrum quibusdam. Reprehenderit exercitationem et praesentium inventore.", "Et dolores omnis. Neque incidunt qui nostrum. Aut magni adipisci repellat aut."]	\N	f		54	2018-07-10 17:40:23.634665	2018-07-10 17:40:23.634665	\N	\N
55	Beulah	Padberg	697.975.0213	\N	Apt. 335 81382 Linda Walk, Port Alta, ID 26683	9250	1969-04-30	Nepalese	New Rory	Marlonchester	2	["Inventore placeat quam. Non omnis rerum quia numquam omnis dolor omnis. Et tempore et quo officia adipisci labore sint. Eius qui odit aut excepturi.", "Dolor aliquam molestiae commodi laborum beatae. Molestias nobis rem ipsam. Accusantium autem voluptas labore. Magnam quibusdam ad dolorem.", "Quod nihil eaque ex autem voluptatem. Sed voluptas nulla dolores sit. Vel molestias aut error tempore sequi laudantium laborum."]	\N	f		55	2018-07-10 17:40:23.93292	2018-07-10 17:40:23.93292	\N	\N
56	Maribel	King	741-100-8201	\N	Apt. 350 6165 Block Lights, North Bennettburgh, UT 54180-8823	8781	1971-08-15	Nepalese	South Vicente	Heavenchester	1	["Ut enim et autem velit. Iste inventore dolores velit amet deleniti. Est quia delectus autem quia molestias adipisci totam. Neque enim sed eaque quia tempora omnis. Autem qui eveniet doloremque aspernatur expedita.", "Nobis accusamus nesciunt tempora qui aut. Qui non eaque sit iusto. Ipsum beatae quidem similique omnis sit. Qui vero enim architecto accusamus sed.", "Ut placeat quia. Quia quam maiores atque labore omnis. Eum quidem atque. Deserunt et eaque tenetur praesentium voluptas."]	\N	f		56	2018-07-10 17:40:24.221725	2018-07-10 17:40:24.221725	\N	\N
57	Erling	Kunze	830-523-5803	\N	Suite 136 8542 Blair Meadow, Boganville, TN 58262-4312	1341	2006-08-06	Nepalese	Gerholdfurt	West Issacfort	1	["Nesciunt temporibus quia quo sunt exercitationem aliquid. Officiis quia et sit a et. Magnam et quis ut qui velit rerum. Et quia aspernatur animi porro velit.", "Non nemo perferendis hic modi. Laborum dolorum possimus laudantium corrupti temporibus sed. Ut exercitationem provident ipsum excepturi. Sit quidem est porro ad. Distinctio sit iste facere.", "Accusantium sed qui pariatur velit ad. Ab et sunt at cumque adipisci et. At quia dolores qui."]	\N	t		57	2018-07-10 17:40:24.510196	2018-07-10 17:40:24.510196	\N	\N
58	Tad	Hoppe	911-149-3757	\N	7157 Goyette Junctions, Lake Oswaldohaven, IN 90252-4811	9761	1993-11-23	Nepalese	Bernhardview	Sawaynberg	2	["Culpa facere sed voluptas assumenda. Expedita quia qui. Illum et totam. Facere enim necessitatibus iusto ut exercitationem dignissimos et.", "Reiciendis maiores aut nobis voluptate sapiente. Doloribus dolorum est explicabo suscipit. Quibusdam molestias et animi architecto ut perferendis. Voluptatem sit rerum reprehenderit dolores ex.", "Ut beatae vitae. Reprehenderit est fugit ipsa debitis accusamus. Perspiciatis vel nemo ea quo. Omnis et sunt possimus quis in atque. Tenetur et ipsum quas qui quo laboriosam veritatis."]	\N	f		58	2018-07-10 17:40:24.801285	2018-07-10 17:40:24.801285	\N	\N
59	Eveline	Reichert	1-334-388-7067	\N	28697 Mante Mountains, Port Eulaburgh, MT 61638-9711	2304	1986-03-21	Nepalese	New Moriah	West Josefa	3	["Odio distinctio quidem minima est quod. Dolores est omnis. Id et voluptatem officia perferendis omnis cupiditate. Recusandae quibusdam voluptas quia ex dolorem quisquam.", "Qui omnis iusto dolore eos est occaecati distinctio. Aliquid accusantium facere quia aut magni. Vel qui expedita et eligendi. Et saepe non nisi sunt.", "Aut nam et ea deleniti minima consectetur voluptatem. Est nesciunt amet voluptatem suscipit sint facilis. Totam dolor consequatur distinctio inventore aut similique."]	\N	t		59	2018-07-10 17:40:25.157636	2018-07-10 17:40:25.157636	\N	\N
60	Griffin	Bahringer	1-951-026-2786	\N	953 O'Conner Circle, Port Chad, KS 80315-1305	8624	2006-08-10	Nepalese	East Vida	South Adanside	2	["Qui quaerat fuga autem quasi neque. Occaecati rerum sed officia amet. Illo inventore et dolorem est rem eius. Atque dolorum quo. Est soluta magni aliquid dolor cumque quasi dolorem.", "Et maxime aliquid esse asperiores enim corrupti. Quis reiciendis maiores eos molestias saepe non et. Facilis dolor est qui consequuntur similique. In eos et vero. Dicta velit earum dolorum est molestiae.", "Voluptas harum autem vel excepturi totam. Inventore et quas. Maxime exercitationem cum."]	\N	t		60	2018-07-10 17:40:25.44192	2018-07-10 17:40:25.44192	\N	\N
61	Duane	Carter	347.832.5618	\N	5757 Haven Highway, East Herbert, KS 39295-3339	2996	2003-06-10	Nepalese	South Jeradport	New Syble	3	["Nulla laboriosam tenetur impedit autem sint. Officiis non velit perferendis. Harum non sed molestiae.", "Dicta odio qui. Voluptates repudiandae laboriosam praesentium aliquid qui. Sunt nobis sunt nostrum magni in. Laboriosam voluptatem repudiandae dignissimos quis sunt. Ratione maxime eveniet cumque maiores est consequatur.", "Explicabo sint deleniti ea eaque et quasi ab. Nisi expedita et sunt voluptatem. Eum autem quia dolor quod."]	\N	f		61	2018-07-10 17:40:25.730214	2018-07-10 17:40:25.730214	\N	\N
62	Tania	Huel	568.482.9610	\N	Suite 746 71797 Tevin Radial, Lorenzoside, MD 34189	5504	2007-06-07	Nepalese	Claudieland	Hoegerland	3	["Itaque rerum quia officiis enim. Quisquam perspiciatis ullam facere nam dolor sed. Quisquam dolorem commodi tenetur.", "Autem consectetur voluptatum sed fugiat sequi quia. Ducimus sit beatae voluptas corporis voluptas. Nemo voluptatem atque fugiat voluptatem impedit. Ab officiis at voluptas. Asperiores ut deleniti.", "Aliquam molestias iste quis velit aut sed aut. Rem illo similique. Est a laboriosam. Delectus voluptatem nulla eum quod sint. Omnis quia id fuga."]	\N	f		62	2018-07-10 17:40:26.007754	2018-07-10 17:40:26.007754	\N	\N
63	Kiera	Schaden	1-346-497-7711	\N	1075 Senger Divide, Yundtchester, GA 12476	7903	1988-12-20	Nepalese	North Britneyville	Dustinmouth	2	["Dolorum cum magni sed ut et. Sit error aut odio rerum. Omnis similique nam omnis.", "Voluptatem alias id praesentium tempore ut ullam esse. Dolorum doloremque vitae numquam blanditiis ea similique aliquam. Eveniet eos ea earum fugit. Qui quis sequi. Asperiores cum amet in labore.", "Porro alias eaque magnam ut nam. Aut consequatur velit. Repudiandae aut sequi dolore quia eius ut repellendus. Eum occaecati ex aut ad. Impedit vitae deserunt."]	\N	f		63	2018-07-10 17:40:26.27358	2018-07-10 17:40:26.27358	\N	\N
64	Tyreek	Corkery	(798) 990-7725	\N	5366 Elyssa Stravenue, MacGyverbury, MD 80637-5684	3618	1995-04-28	Nepalese	Tillmanchester	O'Reillymouth	2	["Minima odio numquam. Assumenda tempore doloribus culpa accusamus quia. Ad numquam non quaerat.", "Voluptatem rerum ipsum assumenda. Sit velit repellat dolorem nulla. Iste architecto ab eaque ipsum beatae fugiat non. Quia iusto totam dolor voluptas qui.", "Ullam aut repellendus. Quia enim ea laudantium vero quidem modi. Saepe in a quia. Corrupti non ad ex explicabo quis. Atque voluptatibus et quis harum."]	\N	f		64	2018-07-10 17:40:26.540986	2018-07-10 17:40:26.540986	\N	\N
65	Ora	McKenzie	(610) 706-7676	\N	1120 Gibson Underpass, North Lou, RI 14200	4082	1998-09-02	Nepalese	Tremblayfurt	East Angelville	1	["Ut ex necessitatibus aut expedita deleniti autem assumenda. Ipsa modi explicabo quia. Necessitatibus ad voluptatem sint aut ut sunt. Quo illo expedita dolores mollitia non perspiciatis.", "Est sit sed voluptatem omnis odio quas ut. Adipisci occaecati atque. Quia atque rem et at placeat et. Corrupti qui repudiandae. Voluptas quasi aperiam possimus quia aliquam.", "Hic officia magni. Laboriosam quis nulla velit perferendis nihil ut eaque. Aut enim ab nulla nemo voluptatibus cumque consequatur. Earum ducimus autem nihil magni."]	\N	f		65	2018-07-10 17:40:26.830758	2018-07-10 17:40:26.830758	\N	\N
66	Coy	Hudson	(872) 838-9251	\N	Suite 528 99266 Sauer Port, Enricoport, MN 76895	1514	1972-11-02	Nepalese	Trinitybury	Aufderharmouth	2	["Enim ipsa est et cupiditate sit harum. Minima velit ab placeat aliquam odit voluptatem perspiciatis. Debitis nostrum aut quia quis cum. Quo distinctio ut est blanditiis atque facilis nesciunt. Facilis delectus doloribus.", "Rerum facere ut rerum consequatur consequatur. Voluptatem debitis nostrum aut in totam occaecati. Eveniet quaerat quis qui ducimus qui velit ut.", "Labore est omnis dolores. Qui quod est iure magnam maiores aperiam et. Maxime id voluptas exercitationem at et amet et. Nam temporibus qui tempora. Neque fugit qui magni molestiae qui qui."]	\N	f		66	2018-07-10 17:40:27.219325	2018-07-10 17:40:27.219325	\N	\N
67	Rachael	Lehner	1-335-282-0942	\N	77525 Ryan Pass, Lorastad, SC 47218-7523	4993	1997-03-05	Nepalese	Port Sophia	New Doviebury	1	["Distinctio qui non ut voluptate sequi eligendi. Expedita fuga corrupti sunt. Vel omnis id. Recusandae eos fuga officiis et.", "Rerum quisquam blanditiis similique repellendus aliquam dolore. Sed qui atque vero aut hic dolores nostrum. Non dolorum dolores quidem vel et illum natus. Provident dolorum corporis consequuntur. Ut voluptas voluptatem nihil neque necessitatibus optio occaecati.", "Laudantium odio accusantium. Sint blanditiis quia dolores nihil illum officia. Pariatur quisquam voluptatem placeat dolorem in id. Velit adipisci eligendi."]	\N	t		67	2018-07-10 17:40:27.506201	2018-07-10 17:40:27.506201	\N	\N
68	Ezequiel	Mueller	(144) 480-8586	\N	12618 Golden Turnpike, Harristown, ME 95852	2859	1999-09-01	Nepalese	Ernserbury	New Gaston	3	["Sequi pariatur accusamus ut ut adipisci dolor quo. Est vel nisi quam. Omnis molestias soluta cupiditate nam officia maiores perferendis. Praesentium odio non culpa nulla. Enim eligendi nobis et sint quo.", "Officiis minima nisi. Perspiciatis sit ducimus in optio fugiat. Facere adipisci consequuntur ad autem et.", "Dolorum earum a quia aut sed. Delectus soluta ratione ipsum nisi est a. Beatae harum quisquam et saepe ad et quidem. In quae fugiat quia voluptatem laboriosam. Exercitationem repudiandae maiores."]	\N	t		68	2018-07-10 17:40:27.784241	2018-07-10 17:40:27.784241	\N	\N
69	Leora	Eichmann	(157) 284-7249	\N	Apt. 415 11555 Grant Heights, South Elissa, MI 81074-9464	3907	2006-06-12	Nepalese	Jasenborough	Port Donnahaven	3	["Exercitationem expedita dolores molestias sunt. Accusamus sit similique harum error. Et nihil voluptatem suscipit quidem et atque. Fugiat mollitia dolores aut aliquid.", "Soluta nihil nemo assumenda cupiditate aspernatur nesciunt sint. Sed quisquam aliquid. Id labore adipisci ea enim a rerum veniam. Sint maxime ea sequi accusamus similique ut.", "Pariatur ullam praesentium. Saepe maiores dolor voluptate amet. At optio non eum dolorem. Sint soluta laudantium et delectus. Dolore sit quo facilis."]	\N	f		69	2018-07-10 17:40:28.060231	2018-07-10 17:40:28.060231	\N	\N
70	Kristina	Reichel	895-188-6267	\N	11717 Ankunding Lock, Jamesonborough, ME 73750	3946	2001-03-03	Nepalese	West Emil	New Roger	3	["Dolorem et atque iste aliquid earum non in. Id earum est. Fugiat debitis illo. Omnis et quis minima aut sapiente. Et saepe est aut voluptatem velit.", "Mollitia recusandae quia cumque quia incidunt sed iusto. Sunt culpa non quibusdam molestiae reiciendis officiis. Eius quam molestias delectus.", "Molestiae laborum officiis nisi vel dolor eum. Libero qui deserunt fugit omnis omnis sint nihil. Veniam voluptatem sunt magnam consectetur. Sunt voluptatem non molestiae modi quisquam veritatis voluptatem. Officiis quae voluptatem ut sunt sequi voluptatem."]	\N	t		70	2018-07-10 17:40:28.33804	2018-07-10 17:40:28.33804	\N	\N
71	Leola	Spinka	878-196-0756	\N	Apt. 948 96547 Felicita Track, Bernhardfort, WY 73295-8198	5250	1969-08-02	Nepalese	Port Merle	Bahringerville	1	["Quia accusantium iusto qui consequatur. Qui maxime nobis. Et quod distinctio. Perspiciatis dolor nisi voluptas ad.", "Laboriosam et aut aut molestiae provident assumenda est. Eligendi aut culpa. Et consequatur hic iste. Velit dolor dolorem.", "Doloremque velit eius dolores sit eos officia. Necessitatibus quam ipsam cum. Nobis asperiores est qui placeat iusto eius est. Velit quo quia ut cum rerum corporis veniam."]	\N	t		71	2018-07-10 17:40:28.615781	2018-07-10 17:40:28.615781	\N	\N
72	Marquis	Anderson	(860) 036-7708	\N	434 Hyatt Mountain, Gudruntown, WI 89820	2427	1995-11-12	Nepalese	East Summer	Naderborough	3	["Et voluptates ut omnis qui. Veritatis dolores doloribus quia. Nostrum sapiente perferendis et dignissimos.", "Facilis doloremque voluptatem et. Qui repudiandae quae adipisci dolores illum dolorem molestiae. Illo est impedit ad.", "Placeat qui sint voluptatem tenetur facilis ipsum. Sint odit perspiciatis minus est. Molestiae optio qui et omnis facere."]	\N	f		72	2018-07-10 17:40:28.892676	2018-07-10 17:40:28.892676	\N	\N
73	Sunny	Jerde	841.318.3139	\N	222 Earnestine Groves, Port Eldon, MS 78497-7154	4698	1995-02-20	Nepalese	North Leonor	North Roslyn	3	["Magni repellendus nostrum amet assumenda porro. Iure qui quibusdam explicabo odit aut. Eum in occaecati. Qui deserunt commodi ut temporibus.", "Iste explicabo in dolores ut et laudantium. Ducimus quas adipisci qui ipsam. Veniam maiores voluptas praesentium quis. Maiores est cum iure et tempora itaque voluptas. Placeat amet quia praesentium.", "Perferendis neque voluptate pariatur nobis. Officiis sed nobis non molestiae. Voluptatem vel ducimus."]	\N	t		73	2018-07-10 17:40:29.169872	2018-07-10 17:40:29.169872	\N	\N
74	Madelyn	Jacobi	1-276-279-7884	\N	Apt. 531 800 Kohler Motorway, Marciachester, GA 26498-7218	6129	1988-03-18	Nepalese	New Marcelina	New Margarita	1	["Ut est earum ab voluptatem omnis saepe. Eveniet magnam in odit quia. Debitis enim vel sit et omnis iure.", "Dolores doloremque aut sit vel. Vero magni in voluptas cum eius ad. Qui aut id unde ullam eius voluptates non. Labore non voluptates beatae cum et animi reiciendis. Temporibus est est veniam dicta et doloribus perspiciatis.", "Quos voluptates hic quaerat similique facilis voluptatem perferendis. Tenetur vel nesciunt quisquam sit dolor. Eum quia ut delectus. Exercitationem doloribus rerum ut qui. Qui suscipit quam debitis aut eum sint."]	\N	t		74	2018-07-10 17:40:29.446724	2018-07-10 17:40:29.446724	\N	\N
75	Rubye	Gerlach	488.098.7475	\N	97937 Isabel Pike, Verdieberg, TN 74055-4730	1607	1981-04-08	Nepalese	Lake Tyriquechester	Percivalfort	2	["Consequatur a consequatur quam voluptatem. Non et id sequi pariatur. Id natus perspiciatis. Exercitationem nihil sit laborum aut soluta. Natus aut earum.", "Nobis architecto optio eos magnam ab consequatur sunt. Est quidem optio nihil. Perspiciatis velit quia alias. Illo mollitia ad ea voluptatem. Non quisquam et neque cumque.", "Quis quia sit minus. Dolorem voluptatum repudiandae id aliquid. Nobis molestias eum ratione dicta libero ad. Voluptatem rerum in dolore."]	\N	f		75	2018-07-10 17:40:29.714043	2018-07-10 17:40:29.714043	\N	\N
76	Jaycee	Wuckert	348-782-8655	\N	15664 Jordon Lodge, Bergemouth, ND 35345	1088	1981-09-15	Nepalese	Murazikfurt	New Isac	2	["Sunt quas numquam dolorem et mollitia. Quidem nam quia voluptatem porro impedit. Non ut voluptatem consectetur aliquam laboriosam vel. Autem temporibus id distinctio sint sunt a et.", "Et aperiam sed repellendus rem est. Facilis autem hic voluptatibus. Numquam laborum nam id. Est optio qui quasi. Sit enim esse.", "In dolor omnis. Eum aut nam animi. Beatae et enim. Dolore ad iure quasi eligendi libero omnis."]	\N	f		76	2018-07-10 17:40:29.979629	2018-07-10 17:40:29.979629	\N	\N
77	Amparo	Schumm	(884) 944-6547	\N	816 Jerde Neck, Sammiebury, MT 69175	8804	1994-12-01	Nepalese	Maiaton	Schultzchester	2	["Laborum ea fuga natus eos. Veniam molestias et illo dolorem est dolore. Expedita velit qui blanditiis quasi optio autem laudantium. Voluptas error ut nam et. Quas illum nostrum sint.", "Nemo commodi ut et molestiae ab ducimus. Quasi et nam unde. Quas nihil perspiciatis blanditiis.", "Ex suscipit odio maxime nihil mollitia sit. Eum odit iusto officiis quis et magnam sequi. Voluptatem aut debitis. Pariatur laboriosam mollitia illum."]	\N	t		77	2018-07-10 17:40:30.245758	2018-07-10 17:40:30.245758	\N	\N
78	Hyman	Keebler	800-197-8228	\N	Suite 942 6822 Cortez Center, Beauhaven, IA 61494	7230	1994-01-20	Nepalese	South Carrie	Bednarborough	2	["Accusantium optio vero expedita omnis quia debitis distinctio. Atque officia repudiandae et aspernatur et. Officia ut et.", "Quia eius distinctio ad voluptas magni. Dolor maiores autem. Tempore ut aspernatur.", "Ab corrupti perferendis mollitia sunt minus est. Praesentium facilis ab. Non fugiat maxime veritatis deleniti officiis officia pariatur. Libero repellendus voluptatem ut."]	\N	f		78	2018-07-10 17:40:30.501006	2018-07-10 17:40:30.501006	\N	\N
79	Eulah	Reynolds	(954) 252-3060	\N	Apt. 581 943 May Well, North Gretchen, NJ 72419	8595	1972-02-02	Nepalese	Port Buddyton	South Zechariah	1	["Odio voluptatem et tempore rerum dolor ut. Beatae earum et nemo est possimus nam. Voluptatem nihil maxime. Occaecati iste rem ab ipsam. Et quasi consectetur officiis.", "Officia consequuntur et. Ut iusto eum qui impedit aperiam. Sequi praesentium sapiente qui quidem ratione. Error pariatur qui cumque. Est non aut laboriosam ut non voluptas doloremque.", "Voluptas corporis cupiditate natus sed culpa fugit. Non quo voluptatem voluptate voluptatem. Est omnis maiores eius necessitatibus voluptatum corporis."]	\N	f		79	2018-07-10 17:40:30.76818	2018-07-10 17:40:30.76818	\N	\N
80	Chadd	Zboncak	622-161-0377	\N	Apt. 958 6402 Elmira Glen, Lowehaven, MA 20039	3619	1982-08-22	Nepalese	Winstonbury	South Elroybury	1	["Ullam assumenda laborum dolore sapiente est quas. Ex et qui numquam. Nam praesentium tempore eveniet.", "Vitae possimus aut nihil. Perspiciatis deleniti autem aut suscipit qui fugit magnam. Enim blanditiis minima id. Earum recusandae sed aut tempore voluptatem perspiciatis.", "Odit id aut occaecati recusandae amet repudiandae. Aliquam rerum repudiandae. Commodi quasi inventore fugit est. Nulla reprehenderit maiores sapiente illum quo ea beatae."]	\N	f		80	2018-07-10 17:40:31.045567	2018-07-10 17:40:31.045567	\N	\N
81	Giovanny	West	990-617-3321	\N	72623 Fay Circle, Cortneyhaven, LA 23694	2534	1976-08-01	Nepalese	Ikeberg	West Willa	3	["Ut reiciendis voluptatem. Distinctio voluptas tempore saepe est tenetur velit accusamus. Expedita praesentium sed dolore debitis deleniti.", "Ea velit sint voluptatem error deleniti ad. Officiis et sit fugiat. Ut harum expedita et. Aut neque sed culpa.", "Odio voluptatem architecto unde. Qui eos unde nesciunt dolor hic qui. Enim perferendis ratione. Perferendis et ut ut est esse."]	\N	f		81	2018-07-10 17:40:31.322213	2018-07-10 17:40:31.322213	\N	\N
82	Olaf	Nienow	426-146-9062	\N	Suite 157 5286 Runolfsson Square, South Waldo, TX 13029	3284	1984-08-02	Nepalese	Waltertown	Turnerchester	3	["Molestiae sed est perspiciatis totam incidunt. Sunt laudantium fugiat ut. Aliquid distinctio libero odio. Magni quaerat repellendus alias dolorem.", "Ut ut voluptates commodi quia. Sit ut beatae ut eligendi. Voluptates commodi qui aspernatur sit.", "Quis ut aut. Sit sequi aut occaecati ipsum et. Aperiam aut vitae vel quo."]	\N	t		82	2018-07-10 17:40:31.588506	2018-07-10 17:40:31.588506	\N	\N
83	Armando	Watsica	780.551.7885	\N	613 Alivia Flats, East Hazel, VA 34978	1054	1978-06-24	Nepalese	Emieview	West Mabel	1	["Corrupti ipsam omnis dolorem. Quis neque qui. Ratione aliquid deleniti cupiditate ut et. Quia ratione nihil quae. Amet velit adipisci aut similique sunt quia natus.", "Dicta dolorem asperiores quia eum. Et iure enim. Sit consequuntur eveniet totam. Quasi delectus id nemo veritatis sed ut. Rerum voluptates ratione ipsa consequuntur.", "Sunt eligendi nam facere. Sapiente provident aut eos nisi perspiciatis. Assumenda aut tenetur laborum voluptate dolores architecto. Necessitatibus magnam corporis commodi quo eaque autem voluptas."]	\N	f		83	2018-07-10 17:40:31.883676	2018-07-10 17:40:31.883676	\N	\N
84	Lance	Cormier	825.637.8438	\N	Suite 834 537 Jamison Landing, Marquiston, KS 29599-6281	7992	1982-02-27	Nepalese	Kemmerchester	North Aidan	1	["Incidunt vero a maxime dolore ea itaque accusantium. Corrupti dolorum consequatur assumenda ex et consequuntur est. Maiores ex rem asperiores quis sed aliquid. Ad architecto dolores quia optio. Quos quia doloremque et voluptatem odit repellendus.", "At maxime dolor cum quia et natus. Repellat id harum provident est repudiandae. Nihil laborum est non dicta sit sed. Repudiandae veniam repellendus.", "Repellat facilis hic eos explicabo aut doloribus. Culpa sunt facere et non. Nemo aperiam dolor qui."]	\N	f		84	2018-07-10 17:40:32.154562	2018-07-10 17:40:32.154562	\N	\N
85	Kiana	Zulauf	(360) 748-4764	\N	130 Gottlieb Junctions, Cristton, IN 86467	6715	2000-10-25	Nepalese	Boganstad	North Bostad	1	["Placeat fugiat facere. Recusandae sed numquam veritatis. Quam neque assumenda iste. Id aut voluptate atque fugiat aperiam quo iure.", "Quasi ut ad. Et ea aut. Aut possimus tempora cumque adipisci eligendi et. Molestias eligendi voluptates.", "Inventore et tenetur qui vitae sint harum. Id aliquam qui consequatur nam. Incidunt aut sed sed."]	\N	t		85	2018-07-10 17:40:32.409592	2018-07-10 17:40:32.409592	\N	\N
86	Milo	Hickle	497-651-6126	\N	46360 Herman Course, Rempelmouth, IA 60333	6778	2003-02-11	Nepalese	East Fay	Lake Colleenfort	2	["Aperiam voluptatum debitis. Vero et quibusdam quisquam. Voluptatem laborum est aut numquam facilis perspiciatis. Qui rem sit dolorem. Harum neque quis enim.", "Ipsam id omnis ullam sunt placeat fugiat reiciendis. Recusandae cum et dolor molestiae ea non libero. Adipisci et modi inventore.", "Quae minima aspernatur autem quam et sed. Quos molestiae alias. Culpa itaque autem esse veniam."]	\N	t		86	2018-07-10 17:40:32.675922	2018-07-10 17:40:32.675922	\N	\N
87	Tabitha	Reynolds	1-386-592-0903	\N	Apt. 351 39473 Purdy Underpass, East Deliaburgh, ND 64281	3634	1996-09-15	Nepalese	Rafaelaborough	Toreyhaven	2	["Doloremque molestias voluptatum. Dolorem id expedita consequatur repudiandae harum. Est libero minus rerum ducimus culpa sit cupiditate.", "Ut expedita ex consequuntur maxime voluptas rerum qui. Dolores illo voluptas quia rerum. Accusamus et voluptatem aliquid quibusdam molestias.", "Quos nisi temporibus sint a. Qui deleniti delectus velit incidunt minus. Qui ratione consequatur. Quidem dolore sapiente incidunt tempore maiores quas."]	\N	f		87	2018-07-10 17:40:32.954313	2018-07-10 17:40:32.954313	\N	\N
88	Maxine	McDermott	918-539-7126	\N	Suite 988 264 Schuppe Trail, Port Renestad, AZ 53861-3505	7594	2000-10-27	Nepalese	Brownchester	New Greyson	2	["In eum beatae a sint iusto. Libero voluptatem optio blanditiis suscipit. Voluptas ea assumenda autem velit suscipit.", "Libero est excepturi cumque distinctio quas. Nihil repudiandae non. Quisquam non et iusto quaerat eveniet in dolore. Earum placeat illum quas. Sit architecto dolores blanditiis doloribus ut aut harum.", "Ipsum est impedit. Aut qui consequuntur. Eius minima incidunt et nobis ut dolore. Officia enim consectetur cum sunt recusandae laborum. Eaque quasi veritatis est."]	\N	t		88	2018-07-10 17:40:33.244632	2018-07-10 17:40:33.244632	\N	\N
89	Bryon	Stark	(160) 590-6646	\N	4487 Hamill Bridge, East Shadfort, WY 15631-8900	5777	1968-11-25	Nepalese	New Savannaside	Kamronhaven	1	["Molestiae qui tenetur et. Illum cum dolor. Modi deleniti commodi laborum. Et inventore incidunt. Saepe nihil aut aut harum.", "Error quisquam minima dolor. Est qui et quia et alias. Sint temporibus occaecati quo dolorum quia fuga iste. Ut ullam et quo atque minus. Fugiat modi dignissimos.", "Unde asperiores ex non hic explicabo aut. Impedit est et molestiae et illo. Eligendi quasi accusamus sit quam adipisci. Omnis qui quia doloribus. Debitis sed suscipit omnis adipisci quae."]	\N	f		89	2018-07-10 17:40:33.519696	2018-07-10 17:40:33.519696	\N	\N
90	Rebekah	Emard	181-668-4603	\N	589 Krista Gardens, Buckridgetown, FL 81491-3420	1793	2004-12-02	Nepalese	Josefinaland	Yvetteport	2	["Voluptas voluptas nihil exercitationem et at quia. Et enim sed. Ex doloremque id itaque perferendis. Occaecati quam voluptas.", "Ut rem ab. Sit cumque sint qui enim et fugiat sed. Accusamus autem non eum veritatis. Voluptas voluptatem qui molestiae consequatur rerum ipsam. Aut magni rerum dolorem.", "Pariatur reiciendis dolorem et nobis ut. Accusamus animi enim quas veritatis in. Labore distinctio quia. Quaerat et praesentium porro earum. Modi qui quibusdam et eaque eveniet autem deserunt."]	\N	f		90	2018-07-10 17:40:33.796591	2018-07-10 17:40:33.796591	\N	\N
91	Randall	VonRueden	(786) 066-6798	\N	38221 Demetris Square, East Fiona, NM 41751-6426	6418	1999-05-19	Nepalese	Ewellside	Murphystad	1	["Et incidunt repellat sit aut praesentium. Nam aliquid distinctio itaque impedit expedita enim. Maxime ea dolores ratione facilis.", "Unde minima a ipsa qui consequuntur nulla. Vero est fuga ea doloribus optio totam velit. Similique nihil eum ipsa officia dolorem. Ratione et voluptatum ea tempore in sit.", "Voluptatum molestiae possimus deserunt est minus est omnis. Consectetur eligendi exercitationem. Aperiam incidunt vel velit iste qui."]	\N	f		91	2018-07-10 17:40:34.062642	2018-07-10 17:40:34.062642	\N	\N
92	Demarco	McCullough	1-399-932-1180	\N	Suite 938 393 Rippin Vista, Danialchester, PA 64203-2275	2170	1976-03-31	Nepalese	Kattieview	Evertchester	2	["Quidem et expedita non aut in nemo. Illo vel aspernatur et quo. Voluptates ratione explicabo qui unde velit. Ipsa facere sapiente reprehenderit assumenda et mollitia.", "Aliquam esse eos sint quia eum. Et eos voluptatum. Officiis odio nisi blanditiis impedit.", "Et hic nisi omnis. Earum dolores nihil sit explicabo hic. Vel repellendus id alias. At corrupti ea placeat. Iusto dolore sit molestias quia tempora."]	\N	f		92	2018-07-10 17:40:34.34852	2018-07-10 17:40:34.34852	\N	\N
93	Devonte	Ullrich	254.096.4482	\N	Apt. 411 26795 Watsica Via, Hilllville, MO 86883	4093	1978-03-04	Nepalese	Legrosmouth	South Ernestochester	3	["Eum nisi ipsum. Ullam dicta architecto tenetur consequatur sunt in. Amet suscipit enim. Quis iure ab beatae iste itaque quia.", "Nobis ea qui vero aperiam accusantium. Quis suscipit iure sunt nisi velit aut. Quo sed ut qui et earum. Qui impedit delectus numquam molestias rerum ut rem. Neque odio nesciunt.", "Quo est labore ducimus nihil dolorem eum consectetur. Aut error molestiae aspernatur. Et laborum eligendi rerum. Suscipit qui ut porro."]	\N	t		93	2018-07-10 17:40:34.676711	2018-07-10 17:40:34.676711	\N	\N
94	Lexi	Hermann	(293) 117-3247	\N	99036 Lurline Point, Gillianport, NM 97053-8247	4996	1992-11-07	Nepalese	Flatleyfort	Port Isaiah	3	["Est laboriosam repellendus voluptatem. Et excepturi voluptatum. Excepturi totam tempore at consequatur nobis aut. Ut aut itaque aliquam. Deserunt deleniti illum qui explicabo in est.", "Possimus sint blanditiis deleniti voluptas. Adipisci qui neque. Quae magni animi cumque asperiores nobis. Consequatur ut odit iusto rerum quae adipisci ut.", "Et nostrum officia id odio at. Impedit eum omnis non amet consequatur. Fuga nesciunt in totam. Sequi quo quam voluptate dolores animi voluptatibus."]	\N	f		94	2018-07-10 17:40:34.966547	2018-07-10 17:40:34.966547	\N	\N
95	Carlos	Kessler	(338) 506-0694	\N	7354 Harvey Harbors, Stoltenbergburgh, PA 46941	8428	1991-09-23	Nepalese	Rogersside	New Manuela	2	["Architecto et eum maxime consequatur eius autem. Optio voluptas mollitia sed qui. Occaecati consectetur expedita sit officiis est velit consequatur.", "Facere est ipsa esse vitae eos assumenda. Accusantium a sapiente. Eos et doloribus ut numquam. Atque perferendis id eos.", "Tempora adipisci sapiente blanditiis vitae autem. Et accusamus et reiciendis quibusdam. Quia aut aut quis consequuntur velit. Quis esse eius sapiente omnis. Eius similique numquam sit explicabo aut."]	\N	t		95	2018-07-10 17:40:35.263323	2018-07-10 17:40:35.263323	\N	\N
96	Faustino	Witting	(450) 599-8387	\N	Suite 397 616 Eda Ports, South Nathanael, IL 98169-7528	2342	1996-06-10	Nepalese	Judeview	Ricomouth	2	["Velit dignissimos consectetur aut explicabo et quasi. Dolore est voluptatem consequuntur quia ipsum soluta enim. Suscipit voluptates ipsam. Officiis dicta ut.", "Laudantium quis accusantium minima. Accusamus veritatis iste tempora dicta laboriosam quia et. Officiis ducimus quis adipisci error. Nemo iste molestias.", "Qui aut quo qui. Laudantium provident quia amet assumenda est rerum repellat. Et est vitae. Vitae a qui. Blanditiis enim expedita qui commodi eos quo."]	\N	t		96	2018-07-10 17:40:35.553277	2018-07-10 17:40:35.553277	\N	\N
97	Corrine	Borer	409.564.4456	\N	Apt. 476 450 Bergstrom Square, Lolaview, CO 68118-5779	7670	1981-06-13	Nepalese	Kennashire	Kelleyhaven	2	["Quis dolor provident ut voluptatum facilis omnis. Voluptates sint incidunt alias libero rerum. Et magni et laudantium modi voluptatem quae voluptatem. Commodi qui omnis et magnam. Voluptatibus est ullam aut.", "Et neque qui ducimus. Possimus velit harum voluptas omnis magni suscipit ea. Et culpa quas. Nam laudantium ducimus optio ad. Est qui consequuntur veniam molestiae.", "Eaque tempore nostrum ipsam dolorem quasi necessitatibus non. Laudantium voluptates rerum placeat. Quo qui quis quod adipisci."]	\N	t		97	2018-07-10 17:40:35.895528	2018-07-10 17:40:35.895528	\N	\N
98	Rebecca	Bayer	766.116.5010	\N	Apt. 547 232 Weber Divide, Lake Gaylordville, MS 21005-1905	1089	1997-03-14	Nepalese	Rudolphborough	West Aurelia	1	["Debitis quam labore mollitia aliquid qui porro earum. Corrupti sint repudiandae ullam temporibus eum tempore error. Consequatur qui beatae corrupti facere consequatur. Dolore et illum consequuntur laboriosam. Aut enim odio et est veritatis illum.", "Incidunt pariatur eligendi. Sed reiciendis vel quibusdam voluptate. Quia et laborum. Officia illum voluptatum adipisci accusamus.", "In rerum placeat non. Nihil placeat dolores et incidunt modi. Odit dicta culpa at. Sint omnis quos. Tempora id reprehenderit fugiat id."]	\N	t		98	2018-07-10 17:40:36.171826	2018-07-10 17:40:36.171826	\N	\N
99	Dusty	Keebler	(145) 513-3128	\N	77554 Kihn Parks, Tyrelchester, PA 45126-3101	2662	1968-10-25	Nepalese	South Edmond	McCulloughborough	2	["Molestiae expedita omnis quidem qui dolor quaerat. Optio sunt sed et. Quam id exercitationem et nostrum sequi. Qui est et sequi.", "Enim modi nulla aut. Asperiores tempora veritatis quia rerum accusantium. Ut sapiente deserunt qui. Enim et perferendis animi dolorum ipsa quia.", "Et molestiae aut. Eius sint est rerum ut aut qui. Aliquid consequuntur dolores. In nisi ut et aut. Non nobis quia quo magnam illum."]	\N	f		99	2018-07-10 17:40:36.44898	2018-07-10 17:40:36.44898	\N	\N
100	Sven	Ledner	381-474-5228	\N	Apt. 990 59074 Kathryn Crest, West Albinaview, DE 57221-0786	8573	2002-11-02	Nepalese	New Lenorafort	Nedmouth	2	["Sunt quis dolorem mollitia fugiat quaerat. Dignissimos assumenda qui id consequatur provident molestiae. Voluptate aut est dolorem doloremque.", "Et sunt error necessitatibus aut consequatur. Et velit ducimus non totam omnis est. Est facilis enim tenetur eveniet cumque dolores. Assumenda fuga reiciendis aut ea quia cumque optio. Quam qui cupiditate consequuntur harum et accusantium eos.", "Excepturi et pariatur. Occaecati asperiores aut atque nostrum impedit eos. Facilis nesciunt explicabo animi voluptatibus maxime consequatur cupiditate."]	\N	f		100	2018-07-10 17:40:36.737753	2018-07-10 17:40:36.737753	\N	\N
1	Vivien	Rice	1-892-735-2819	false	Suite 559 34398 Tierra Estates, Goldnerborough, LA 52735-7301	1897	1986-03-25	Nepalese	Murazikburgh	Padbergburgh	2	<p style="text-align: center;"><strong>[&quot;Ducimus facilis dolorem rerum repellendus et omnis quae. Expedita velit modi delectus qui qui unde exercitationem. Mollitia repellendus ipsam cupiditate.&quot;, &quot;Dolorem fugiat sed. Numquam tenetur minus rerum vitae consequatur est provident. Aut excepturi beatae vel dolore repellat veritatis.&quot;, &quot;Beatae quo qui tempore at totam expedita occaecati. Consequatur et saepe sit quasi quidem eligendi commodi. Modi explicabo alias laboriosam nesciunt temporibus. Nulla quo voluptatibus laborum. Sapiente sed qui vel ipsam natus maiores quam.&quot;]</strong></p>\r\n	\N	t		1	2018-07-10 17:40:09.101455	2018-07-11 14:30:19.641913	\N	\N
101	ranjan	Bajracharya	98765444	false	Kathmandu	20000	12/09/2053	neapli	Patan	Patan	3 		\N	f		101	2018-07-13 14:23:30.988448	2018-07-13 15:37:06.918657	00.png	SampleSRS5.pdf
102	as	da	asd	true		\N	12/09/2053	Nepali					\N	\N		102	2018-08-30 10:08:29.583893	2018-08-30 10:08:29.583893	\N	\N
\.


--
-- Name: seeker_profiles_id_seq; Type: SEQUENCE SET; Schema: public; Owner: -
--

SELECT pg_catalog.setval('public.seeker_profiles_id_seq', 102, true);


--
-- Data for Name: seeker_skills; Type: TABLE DATA; Schema: public; Owner: -
--

COPY public.seeker_skills (id, skill_id, seeker_profile_id, created_at, updated_at) FROM stdin;
1	12	1	2018-07-10 17:47:48.639774	2018-07-10 17:47:48.639774
2	13	2	2018-07-10 17:47:49.391043	2018-07-10 17:47:49.391043
3	3	3	2018-07-10 17:47:49.42423	2018-07-10 17:47:49.42423
4	13	4	2018-07-10 17:47:49.457541	2018-07-10 17:47:49.457541
5	4	5	2018-07-10 17:47:49.491105	2018-07-10 17:47:49.491105
6	9	6	2018-07-10 17:47:49.524917	2018-07-10 17:47:49.524917
7	4	7	2018-07-10 17:47:49.557405	2018-07-10 17:47:49.557405
8	13	8	2018-07-10 17:47:49.590684	2018-07-10 17:47:49.590684
9	3	9	2018-07-10 17:47:49.623822	2018-07-10 17:47:49.623822
10	19	10	2018-07-10 17:47:49.657194	2018-07-10 17:47:49.657194
11	8	11	2018-07-10 17:47:49.690531	2018-07-10 17:47:49.690531
12	19	12	2018-07-10 17:47:49.723822	2018-07-10 17:47:49.723822
13	15	13	2018-07-10 17:47:49.756791	2018-07-10 17:47:49.756791
14	6	14	2018-07-10 17:47:49.79027	2018-07-10 17:47:49.79027
15	17	15	2018-07-10 17:47:49.823752	2018-07-10 17:47:49.823752
16	7	16	2018-07-10 17:47:49.857526	2018-07-10 17:47:49.857526
17	17	17	2018-07-10 17:47:49.891178	2018-07-10 17:47:49.891178
18	5	18	2018-07-10 17:47:49.923539	2018-07-10 17:47:49.923539
19	7	19	2018-07-10 17:47:49.956922	2018-07-10 17:47:49.956922
20	6	20	2018-07-10 17:47:50.002389	2018-07-10 17:47:50.002389
21	6	21	2018-07-10 17:47:50.085423	2018-07-10 17:47:50.085423
22	15	22	2018-07-10 17:47:50.135491	2018-07-10 17:47:50.135491
23	11	23	2018-07-10 17:47:50.167746	2018-07-10 17:47:50.167746
24	4	24	2018-07-10 17:47:50.201037	2018-07-10 17:47:50.201037
25	11	25	2018-07-10 17:47:50.234001	2018-07-10 17:47:50.234001
26	8	26	2018-07-10 17:47:50.267586	2018-07-10 17:47:50.267586
27	9	27	2018-07-10 17:47:50.300538	2018-07-10 17:47:50.300538
28	2	28	2018-07-10 17:47:50.333944	2018-07-10 17:47:50.333944
29	15	29	2018-07-10 17:47:50.367471	2018-07-10 17:47:50.367471
30	3	30	2018-07-10 17:47:50.400443	2018-07-10 17:47:50.400443
31	7	31	2018-07-10 17:47:50.434337	2018-07-10 17:47:50.434337
32	3	32	2018-07-10 17:47:50.468353	2018-07-10 17:47:50.468353
33	6	33	2018-07-10 17:47:50.500986	2018-07-10 17:47:50.500986
34	4	34	2018-07-10 17:47:50.533945	2018-07-10 17:47:50.533945
35	14	35	2018-07-10 17:47:50.567247	2018-07-10 17:47:50.567247
36	8	36	2018-07-10 17:47:50.600543	2018-07-10 17:47:50.600543
37	9	37	2018-07-10 17:47:50.633682	2018-07-10 17:47:50.633682
38	1	38	2018-07-10 17:47:50.667138	2018-07-10 17:47:50.667138
39	1	39	2018-07-10 17:47:50.700453	2018-07-10 17:47:50.700453
40	14	40	2018-07-10 17:47:50.733724	2018-07-10 17:47:50.733724
41	12	41	2018-07-10 17:47:50.766859	2018-07-10 17:47:50.766859
42	6	42	2018-07-10 17:47:50.800834	2018-07-10 17:47:50.800834
43	10	43	2018-07-10 17:47:50.834427	2018-07-10 17:47:50.834427
44	5	44	2018-07-10 17:47:50.956461	2018-07-10 17:47:50.956461
45	10	45	2018-07-10 17:47:50.989081	2018-07-10 17:47:50.989081
46	13	46	2018-07-10 17:47:51.022242	2018-07-10 17:47:51.022242
47	9	47	2018-07-10 17:47:51.055511	2018-07-10 17:47:51.055511
48	19	48	2018-07-10 17:47:51.089183	2018-07-10 17:47:51.089183
49	1	49	2018-07-10 17:47:51.133224	2018-07-10 17:47:51.133224
50	3	50	2018-07-10 17:47:51.166451	2018-07-10 17:47:51.166451
51	13	51	2018-07-10 17:47:51.199325	2018-07-10 17:47:51.199325
52	16	52	2018-07-10 17:47:51.232925	2018-07-10 17:47:51.232925
53	10	53	2018-07-10 17:47:51.266374	2018-07-10 17:47:51.266374
54	9	54	2018-07-10 17:47:51.299655	2018-07-10 17:47:51.299655
55	8	55	2018-07-10 17:47:51.334629	2018-07-10 17:47:51.334629
56	19	56	2018-07-10 17:47:51.368153	2018-07-10 17:47:51.368153
57	10	57	2018-07-10 17:47:51.401878	2018-07-10 17:47:51.401878
58	20	58	2018-07-10 17:47:51.434972	2018-07-10 17:47:51.434972
59	15	59	2018-07-10 17:47:51.467573	2018-07-10 17:47:51.467573
60	5	60	2018-07-10 17:47:51.501031	2018-07-10 17:47:51.501031
61	18	61	2018-07-10 17:47:51.53429	2018-07-10 17:47:51.53429
62	7	62	2018-07-10 17:47:51.567525	2018-07-10 17:47:51.567525
63	11	63	2018-07-10 17:47:51.600877	2018-07-10 17:47:51.600877
64	2	64	2018-07-10 17:47:51.634245	2018-07-10 17:47:51.634245
65	2	65	2018-07-10 17:47:51.667513	2018-07-10 17:47:51.667513
66	11	66	2018-07-10 17:47:51.700572	2018-07-10 17:47:51.700572
67	9	67	2018-07-10 17:47:51.734092	2018-07-10 17:47:51.734092
68	8	68	2018-07-10 17:47:51.767695	2018-07-10 17:47:51.767695
69	20	69	2018-07-10 17:47:51.801416	2018-07-10 17:47:51.801416
70	16	70	2018-07-10 17:47:51.834124	2018-07-10 17:47:51.834124
71	14	71	2018-07-10 17:47:51.867559	2018-07-10 17:47:51.867559
72	8	72	2018-07-10 17:47:51.900592	2018-07-10 17:47:51.900592
73	4	73	2018-07-10 17:47:51.933396	2018-07-10 17:47:51.933396
74	9	74	2018-07-10 17:47:52.066936	2018-07-10 17:47:52.066936
75	11	75	2018-07-10 17:47:52.10081	2018-07-10 17:47:52.10081
76	2	76	2018-07-10 17:47:52.133813	2018-07-10 17:47:52.133813
77	12	77	2018-07-10 17:47:52.16807	2018-07-10 17:47:52.16807
78	8	78	2018-07-10 17:47:52.200433	2018-07-10 17:47:52.200433
79	4	79	2018-07-10 17:47:52.233554	2018-07-10 17:47:52.233554
80	9	80	2018-07-10 17:47:52.266701	2018-07-10 17:47:52.266701
81	18	81	2018-07-10 17:47:52.299926	2018-07-10 17:47:52.299926
82	13	82	2018-07-10 17:47:52.333275	2018-07-10 17:47:52.333275
83	14	83	2018-07-10 17:47:52.366703	2018-07-10 17:47:52.366703
84	3	84	2018-07-10 17:47:52.399752	2018-07-10 17:47:52.399752
85	1	85	2018-07-10 17:47:52.433182	2018-07-10 17:47:52.433182
86	19	86	2018-07-10 17:47:52.466438	2018-07-10 17:47:52.466438
87	19	87	2018-07-10 17:47:52.500095	2018-07-10 17:47:52.500095
88	15	88	2018-07-10 17:47:52.533998	2018-07-10 17:47:52.533998
89	12	89	2018-07-10 17:47:52.566909	2018-07-10 17:47:52.566909
90	12	90	2018-07-10 17:47:52.599718	2018-07-10 17:47:52.599718
91	3	91	2018-07-10 17:47:52.644138	2018-07-10 17:47:52.644138
92	14	92	2018-07-10 17:47:52.677438	2018-07-10 17:47:52.677438
93	10	93	2018-07-10 17:47:52.710737	2018-07-10 17:47:52.710737
94	3	94	2018-07-10 17:47:52.744033	2018-07-10 17:47:52.744033
95	19	95	2018-07-10 17:47:52.777674	2018-07-10 17:47:52.777674
96	18	96	2018-07-10 17:47:52.811104	2018-07-10 17:47:52.811104
97	7	97	2018-07-10 17:47:52.844018	2018-07-10 17:47:52.844018
98	9	98	2018-07-10 17:47:52.876957	2018-07-10 17:47:52.876957
99	11	99	2018-07-10 17:47:52.910341	2018-07-10 17:47:52.910341
100	14	100	2018-07-10 17:47:52.943766	2018-07-10 17:47:52.943766
101	18	1	2018-07-11 14:26:12.17488	2018-07-11 14:26:12.17488
102	18	1	2018-07-11 14:26:12.196086	2018-07-11 14:26:12.196086
103	18	1	2018-07-11 14:30:19.730579	2018-07-11 14:30:19.730579
104	10	101	2018-07-13 14:23:31.122783	2018-07-13 14:23:31.122783
105	4	101	2018-07-13 14:23:31.135241	2018-07-13 14:23:31.135241
106	1	101	2018-07-13 14:23:31.136908	2018-07-13 14:23:31.136908
107	18	102	2018-08-30 10:08:29.886178	2018-08-30 10:08:29.886178
108	13	102	2018-08-30 10:08:29.909275	2018-08-30 10:08:29.909275
\.


--
-- Name: seeker_skills_id_seq; Type: SEQUENCE SET; Schema: public; Owner: -
--

SELECT pg_catalog.setval('public.seeker_skills_id_seq', 108, true);


--
-- Data for Name: seekers; Type: TABLE DATA; Schema: public; Owner: -
--

COPY public.seekers (id, email, encrypted_password, reset_password_token, reset_password_sent_at, remember_created_at, sign_in_count, current_sign_in_at, last_sign_in_at, current_sign_in_ip, last_sign_in_ip, created_at, updated_at, confirmation_token, confirmed_at, confirmation_sent_at, unconfirmed_email) FROM stdin;
107	ran1@gmail.co6m	$2a$11$JYwOwzn0evbVcDJ/Lyt9WeFMuIebwGQ8Wm7ZTGRKmMI7LJxeOgMB6	\N	\N	\N	0	\N	\N	\N	\N	2018-09-04 05:57:13.803662	2018-09-04 05:57:13.803662	MxTBkDUdoxWwCxWxz9xF	\N	2018-09-04 05:57:13.803893	\N
108	rranjan1@gmail.com	$2a$11$Xml6pr98H8LZN8XVAgIvk.DE8FJS701Aa3Irp/oHoudDbI/JFZICu	\N	\N	\N	1	2018-09-04 05:58:15.186641	2018-09-04 05:58:15.186641	127.0.0.1	127.0.0.1	2018-09-04 05:58:15.163838	2018-09-04 05:58:15.187607	\N	\N	\N	\N
116	raadf@ad.com	$2a$11$eo4XDbN0.7cxzqYWx4Ups.s2vcEI3for6ZzVB6P.DKYa7EB1UurhS	\N	\N	\N	0	\N	\N	\N	\N	2018-09-04 07:06:36.087014	2018-09-04 07:06:42.900581	F3yzMTLkuwiiT512MA96	2018-09-04 07:06:42.899564	2018-09-04 07:06:36.087248	\N
3	david.weber@kulas.co	$2a$11$bYJQz.Nz3h9Qgd0nK7llnObel0M.8omK6O4wgsSwXYWOHEpq4cVgy	\N	\N	\N	0	\N	\N	\N	\N	2018-07-10 17:40:09.694587	2018-07-10 17:40:09.694587	\N	2018-09-04 05:48:54.726865	\N	\N
109	ran1@gmail.com111	$2a$11$Iv8B1CyGlqwZ6eChg60fJuA65CqjGqmRZYebWZkRA5kcV/rMn2Kxq	\N	\N	\N	1	2018-09-04 06:03:40.967152	2018-09-04 06:03:40.967152	127.0.0.1	127.0.0.1	2018-09-04 06:03:40.945653	2018-09-04 06:03:40.968192	\N	\N	\N	\N
110	ranjan123@gmail.com	$2a$11$8LxVH9tdI99C.DxpXc.1QOIPw5BVsAFMGHAm1fPwS6HNi/hzM2Lue	\N	\N	\N	1	2018-09-04 06:10:51.931863	2018-09-04 06:10:51.931863	127.0.0.1	127.0.0.1	2018-09-04 06:10:51.905111	2018-09-04 06:10:51.933038	\N	\N	\N	\N
111	ranjan333@gmail.com	$2a$11$2sYNHGDI.KBO5eyiNrv0I.gioGPcK1OLYHDN.tNPTrM9GZfRXIwYG	\N	\N	\N	1	2018-09-04 06:12:05.901827	2018-09-04 06:12:05.901827	127.0.0.1	127.0.0.1	2018-09-04 06:12:05.883025	2018-09-04 06:12:05.902597	\N	\N	\N	\N
54	jaren@bauch.org	$2a$11$mwBr0J4/P5BZTFaOZ1/JtusL6gCjpwlvaMuN7y5IIUElGJ3JfMy/.	\N	\N	\N	0	\N	\N	\N	\N	2018-07-10 17:40:23.601615	2018-07-10 17:40:23.601615	\N	2018-09-04 05:48:54.726865	\N	\N
67	luz@dickens.co	$2a$11$4MD7xt.Sg.TNKqGUmWbFjuidSeVXafbuv705SggqJJX.yA3DKvfcm	\N	\N	\N	0	\N	\N	\N	\N	2018-07-10 17:40:27.480292	2018-07-10 17:40:27.480292	\N	2018-09-04 05:48:54.726865	\N	\N
104	ran1@gmail.com1	$2a$11$uVWjAJwSVllVcKTRThj/WOtLtv5178wwm5asVbKP7s0mK2zJ2AMXm	\N	\N	\N	1	2018-08-31 09:07:16.065926	2018-08-31 09:07:16.065926	127.0.0.1	127.0.0.1	2018-08-31 09:07:15.976832	2018-08-31 09:07:16.066825	\N	2018-09-04 05:48:54.726865	\N	\N
112	ranjan@gmail.comaaa	$2a$11$whdoggFA7/85UTUqPngwve3yAFE/Br64eZZ4qNb5hCMzRJnbFZq/G	\N	\N	\N	1	2018-09-04 06:22:55.737882	2018-09-04 06:22:55.737882	127.0.0.1	127.0.0.1	2018-09-04 06:22:55.720443	2018-09-04 06:22:55.738699	\N	\N	\N	\N
4	robyn@rice.org	$2a$11$TS4I0hUvVNTuy4.rkpA9Yu8IMOIlT1yaq5dYhe1aoOuw188fM6IHC	\N	\N	\N	0	\N	\N	\N	\N	2018-07-10 17:40:10.056016	2018-07-10 17:40:10.056016	\N	2018-09-04 05:48:54.726865	\N	\N
5	fred@greenfeldermetz.net	$2a$11$yWYzJew7N4FMb0Lp92tenOV3cJb4erNNqk.6Y3af04BcrGsJtnRFS	\N	\N	\N	0	\N	\N	\N	\N	2018-07-10 17:40:10.30446	2018-07-10 17:40:10.30446	\N	2018-09-04 05:48:54.726865	\N	\N
6	aurelie@herman.io	$2a$11$pswZhKQVnS4wceqxJ/XHJeJDQKpC1cxSaXuJYZdlO9S.8QBdDJpq.	\N	\N	\N	0	\N	\N	\N	\N	2018-07-10 17:40:10.568769	2018-07-10 17:40:10.568769	\N	2018-09-04 05:48:54.726865	\N	\N
7	nikolas@emard.org	$2a$11$69Ly1Tyor1HUVoQTCmI/M.fizoHpkiYPKpb3KqNy1MI836IYont6C	\N	\N	\N	0	\N	\N	\N	\N	2018-07-10 17:40:10.842667	2018-07-10 17:40:10.842667	\N	2018-09-04 05:48:54.726865	\N	\N
8	brianne@willms.com	$2a$11$QoT1wG.cqFjNegUHuIoWQOslN8fSH7S1uZzxzitZ2Z0aDjuHg//gK	\N	\N	\N	0	\N	\N	\N	\N	2018-07-10 17:40:11.093195	2018-07-10 17:40:11.093195	\N	2018-09-04 05:48:54.726865	\N	\N
9	berta@swaniawskipfannerstill.io	$2a$11$QvjMPq6UvXisaxyoTmyg8Op14KDt1qmbaVRuswotR6nUBmFlImYV2	\N	\N	\N	0	\N	\N	\N	\N	2018-07-10 17:40:11.361768	2018-07-10 17:40:11.361768	\N	2018-09-04 05:48:54.726865	\N	\N
10	orin@rodriguez.co	$2a$11$B5g.LG86zTpnhPDLiOWj5O1oYEgmIPgSNSy72Ni5KxQKRMTZAjKC6	\N	\N	\N	0	\N	\N	\N	\N	2018-07-10 17:40:11.632683	2018-07-10 17:40:11.632683	\N	2018-09-04 05:48:54.726865	\N	\N
11	remington@bogan.org	$2a$11$CzN6tsU4MPJ/B1AXn9/zY.hAI7PKZrGWhQ6/ykCCC/1WSwN0duBuG	\N	\N	\N	0	\N	\N	\N	\N	2018-07-10 17:40:11.894271	2018-07-10 17:40:11.894271	\N	2018-09-04 05:48:54.726865	\N	\N
12	brody_daugherty@koelpin.io	$2a$11$xPKqs/m1mfJ.WeU8C9bxa.2ap6yyXUUPtx4NaJNvMYuui6MKiXVU6	\N	\N	\N	0	\N	\N	\N	\N	2018-07-10 17:40:12.15855	2018-07-10 17:40:12.15855	\N	2018-09-04 05:48:54.726865	\N	\N
13	darby@mitchell.co	$2a$11$esoKuzwYDGMinBeU6F9ejeaU/9Qh/fhHI0lTq90E7tJ.n1iIh5eKm	\N	\N	\N	0	\N	\N	\N	\N	2018-07-10 17:40:12.419819	2018-07-10 17:40:12.419819	\N	2018-09-04 05:48:54.726865	\N	\N
14	josiah@nienow.co	$2a$11$JB/x4KHzEX2nF4FGxJXiVOSRbU7PmdVrwu8q4vmFarS13skEhiw..	\N	\N	\N	0	\N	\N	\N	\N	2018-07-10 17:40:12.696473	2018-07-10 17:40:12.696473	\N	2018-09-04 05:48:54.726865	\N	\N
15	gideon@crona.info	$2a$11$QgtEuYN7Suc7IdOttiQHZejRdBUPiMN6q2BVHkVYIjZc32yeuOOMu	\N	\N	\N	0	\N	\N	\N	\N	2018-07-10 17:40:12.957629	2018-07-10 17:40:12.957629	\N	2018-09-04 05:48:54.726865	\N	\N
16	hank_green@funkkuphal.com	$2a$11$I9isN4YRfk41ifl/bc.U8emsYFEyhdOXUVLZ0uxVuU.mL7g6o1nBG	\N	\N	\N	0	\N	\N	\N	\N	2018-07-10 17:40:13.203384	2018-07-10 17:40:13.203384	\N	2018-09-04 05:48:54.726865	\N	\N
17	alvera@beatty.org	$2a$11$Dvo7z4QQt3I3RA26ji3R.e9CwaELzOr1BnWHsqtIPcmqi1.aastxa	\N	\N	\N	0	\N	\N	\N	\N	2018-07-10 17:40:13.480968	2018-07-10 17:40:13.480968	\N	2018-09-04 05:48:54.726865	\N	\N
18	jordane@dickensaufderhar.name	$2a$11$zR79g5qsrIS5tFPaGiPYiO3eRMMxSKIQgNhGi0rTzK3jVfUimXZOG	\N	\N	\N	0	\N	\N	\N	\N	2018-07-10 17:40:13.746324	2018-07-10 17:40:13.746324	\N	2018-09-04 05:48:54.726865	\N	\N
19	alan_schaden@feil.net	$2a$11$FnyU.XOWQkd2To5mWLFAAOsYSCXXZXiNY7ULeI0bBw/bUE4.G4jgK	\N	\N	\N	0	\N	\N	\N	\N	2018-07-10 17:40:14.002549	2018-07-10 17:40:14.002549	\N	2018-09-04 05:48:54.726865	\N	\N
20	ernest_hilll@lowe.biz	$2a$11$/BRIS2q8lif0LIRbnRsr0eP4dHWr2TBTN6zp5lMf9/8xWS2MTPTN6	\N	\N	\N	0	\N	\N	\N	\N	2018-07-10 17:40:14.26787	2018-07-10 17:40:14.26787	\N	2018-09-04 05:48:54.726865	\N	\N
21	norval@douglas.org	$2a$11$OmoBalXvTpKq/546PcqOTOkJUboqrhlGgjPopG3DCROze8bzavYga	\N	\N	\N	0	\N	\N	\N	\N	2018-07-10 17:40:14.523805	2018-07-10 17:40:14.523805	\N	2018-09-04 05:48:54.726865	\N	\N
22	aubree@collins.com	$2a$11$BfI9imqKcKQUp78KwjUHG.Un6CJq8RdejHFlJ7H6dsslODU8djAb6	\N	\N	\N	0	\N	\N	\N	\N	2018-07-10 17:40:14.778637	2018-07-10 17:40:14.778637	\N	2018-09-04 05:48:54.726865	\N	\N
23	demond_rogahn@goodwin.org	$2a$11$/FpxBjls0/L5lhHAZvHtkOIH24CRUmXYRkivVRYog1ZXj/ESTJlZK	\N	\N	\N	0	\N	\N	\N	\N	2018-07-10 17:40:15.06657	2018-07-10 17:40:15.06657	\N	2018-09-04 05:48:54.726865	\N	\N
24	ansel_feeney@batzfeeney.co	$2a$11$vP8HWJz9WkQ5vBQ81gXAZ.l5NLUiXMIZKyi6Dy4EYU2.JkKvz6Xga	\N	\N	\N	0	\N	\N	\N	\N	2018-07-10 17:40:15.333263	2018-07-10 17:40:15.333263	\N	2018-09-04 05:48:54.726865	\N	\N
25	marian@gutkowski.net	$2a$11$eB9M68urfOiYl2InUC6gVexaKHna8Tt7SNX93SEgeTRcrJ6XewmUi	\N	\N	\N	0	\N	\N	\N	\N	2018-07-10 17:40:15.588165	2018-07-10 17:40:15.588165	\N	2018-09-04 05:48:54.726865	\N	\N
26	savannah@abshire.name	$2a$11$cqFqfQcBdfI6sr4MYRYHyuhqxm4/i2uAspvDfa5OHme3SxpckwrY2	\N	\N	\N	0	\N	\N	\N	\N	2018-07-10 17:40:15.853745	2018-07-10 17:40:15.853745	\N	2018-09-04 05:48:54.726865	\N	\N
27	sammy_moen@bauch.co	$2a$11$S0Xc/GEDKjMYEydxNXA8eufEHa7tuUtL4lSsRconcB5h1GSIlZfRq	\N	\N	\N	0	\N	\N	\N	\N	2018-07-10 17:40:16.111281	2018-07-10 17:40:16.111281	\N	2018-09-04 05:48:54.726865	\N	\N
28	annalise@quitzon.name	$2a$11$M3PVXq9Cv77xMGIB5FaQjOEDvxPh86zSJPox3b0KHqZgnIVNLSI8S	\N	\N	\N	0	\N	\N	\N	\N	2018-07-10 17:40:16.364936	2018-07-10 17:40:16.364936	\N	2018-09-04 05:48:54.726865	\N	\N
29	eduardo@marquardt.info	$2a$11$LpYC/y7rifCAiAut0qKeveoKrpn4K.K/.ZQnmnD9EE.bqLyxyJr/O	\N	\N	\N	0	\N	\N	\N	\N	2018-07-10 17:40:16.635595	2018-07-10 17:40:16.635595	\N	2018-09-04 05:48:54.726865	\N	\N
30	annabelle@champlinmraz.name	$2a$11$FdcWKgiDV2Ai.w3xd3cnqOmkC65h5rHa0hm6C8QpQavgv0Duljpre	\N	\N	\N	0	\N	\N	\N	\N	2018-07-10 17:40:16.905036	2018-07-10 17:40:16.905036	\N	2018-09-04 05:48:54.726865	\N	\N
31	geovany@barrows.org	$2a$11$/i2QYnmbw.6bpFx9CYRRJ.seFZ31kcMOjopkROThvCTRH3/fpTf4S	\N	\N	\N	0	\N	\N	\N	\N	2018-07-10 17:40:17.177762	2018-07-10 17:40:17.177762	\N	2018-09-04 05:48:54.726865	\N	\N
32	anabel@hansen.org	$2a$11$8KtXV1QTaiWUyxnL6A1qiO9RFj2svIaXTzdCOFTb58nRmIOJaKr8u	\N	\N	\N	0	\N	\N	\N	\N	2018-07-10 17:40:17.485539	2018-07-10 17:40:17.485539	\N	2018-09-04 05:48:54.726865	\N	\N
33	einar@hudsonbeer.io	$2a$11$bm.louPnTTBc/kDZfYy4C.4R01bKr18w7kU3IRKKqpjQlpROzCv3y	\N	\N	\N	0	\N	\N	\N	\N	2018-07-10 17:40:17.766995	2018-07-10 17:40:17.766995	\N	2018-09-04 05:48:54.726865	\N	\N
34	marcelo@olson.org	$2a$11$e2ZACIDZD8Mq.yukViP4lOigPXVWuKax1ydHnrpbJvoaBlo35XuSC	\N	\N	\N	0	\N	\N	\N	\N	2018-07-10 17:40:18.034109	2018-07-10 17:40:18.034109	\N	2018-09-04 05:48:54.726865	\N	\N
35	vergie_conn@roob.com	$2a$11$ZN1P58p9o.Y8bFW8wAFEVuv2rH/sW3r2jbulzperRif.SU9gACWti	\N	\N	\N	0	\N	\N	\N	\N	2018-07-10 17:40:18.30692	2018-07-10 17:40:18.30692	\N	2018-09-04 05:48:54.726865	\N	\N
36	monroe@jerde.com	$2a$11$Mm4fayX1q./i/SAQ.kQ9YuHslIxVHBWNcCR3n.tfbR6UXzCNSdl32	\N	\N	\N	0	\N	\N	\N	\N	2018-07-10 17:40:18.573514	2018-07-10 17:40:18.573514	\N	2018-09-04 05:48:54.726865	\N	\N
37	anita_shields@corkery.info	$2a$11$WyEs4MwthJOLIMtOlMK/Gu1MB5vS.tFgQLfF8j2jonfPQLjVnVtpu	\N	\N	\N	0	\N	\N	\N	\N	2018-07-10 17:40:18.845973	2018-07-10 17:40:18.845973	\N	2018-09-04 05:48:54.726865	\N	\N
38	rick_gleichner@yost.org	$2a$11$k.eilXwTGT3R242Gtz7eI.4nLNuFRPdgpuGV2F9H5Wvt67nQwE526	\N	\N	\N	0	\N	\N	\N	\N	2018-07-10 17:40:19.104859	2018-07-10 17:40:19.104859	\N	2018-09-04 05:48:54.726865	\N	\N
39	eda.jast@christiansenjohnston.name	$2a$11$hsO/z/8GXdUwiRtlfSeTNuUNS/CdM2bQSjqbDgvB.E6CBK6WfE4g2	\N	\N	\N	0	\N	\N	\N	\N	2018-07-10 17:40:19.370977	2018-07-10 17:40:19.370977	\N	2018-09-04 05:48:54.726865	\N	\N
40	abe.fritsch@herman.info	$2a$11$A7UW6javx.QMkE70NzlD0uJhyN3TPJo6DKuVjSnxsUMkAnFpgZyNi	\N	\N	\N	0	\N	\N	\N	\N	2018-07-10 17:40:19.637339	2018-07-10 17:40:19.637339	\N	2018-09-04 05:48:54.726865	\N	\N
41	te@goodwincartwright.info	$2a$11$61MCjvImcAS3HTDlMAPj6OdXpgw4O4B84XOdfPyHGH7kCGr4UnTzq	\N	\N	\N	0	\N	\N	\N	\N	2018-07-10 17:40:19.90369	2018-07-10 17:40:19.90369	\N	2018-09-04 05:48:54.726865	\N	\N
42	gilbert_klein@gerlachmosciski.info	$2a$11$EEs1v5U4IfaQJ.z9fen1ieAMCWL5juhR5TLdAMHbfCrHWW0b3W2IK	\N	\N	\N	0	\N	\N	\N	\N	2018-07-10 17:40:20.203109	2018-07-10 17:40:20.203109	\N	2018-09-04 05:48:54.726865	\N	\N
43	edward@streichcole.name	$2a$11$1svEBIh5lbv/mObCHSbWIe3HSb1MkCqNJdSWAECTkfCwPi152c1BO	\N	\N	\N	0	\N	\N	\N	\N	2018-07-10 17:40:20.480595	2018-07-10 17:40:20.480595	\N	2018-09-04 05:48:54.726865	\N	\N
44	annabelle@cole.info	$2a$11$gGSINaLDoZ4KRKmxJeRt6ee5tWrxke1eOYn1Gy0jc1HXoTqJEhyTG	\N	\N	\N	0	\N	\N	\N	\N	2018-07-10 17:40:20.747072	2018-07-10 17:40:20.747072	\N	2018-09-04 05:48:54.726865	\N	\N
45	darwin.kuhlman@steubermurphy.net	$2a$11$lKgUKkntWCEvizlxLjCyl.gGzPfoqV7U5n1hDDR8ZPkGmIE5AU1XO	\N	\N	\N	0	\N	\N	\N	\N	2018-07-10 17:40:21.021299	2018-07-10 17:40:21.021299	\N	2018-09-04 05:48:54.726865	\N	\N
46	madaline@moen.name	$2a$11$AN4bR3p4dzSaMStSM2yfXelzwWor.6OerElQOSo6A/I5mE6mCoAtC	\N	\N	\N	0	\N	\N	\N	\N	2018-07-10 17:40:21.280319	2018-07-10 17:40:21.280319	\N	2018-09-04 05:48:54.726865	\N	\N
47	rory_nienow@schmitt.io	$2a$11$JL2QY68T9GZKFEMtxC2SY.8CpOkTm.pINbVANwJPdfeo/xeZwmrta	\N	\N	\N	0	\N	\N	\N	\N	2018-07-10 17:40:21.547037	2018-07-10 17:40:21.547037	\N	2018-09-04 05:48:54.726865	\N	\N
48	miouri@graham.co	$2a$11$1EcKeAVACFPf8Hjw0TIqO.o5sO/Y8PZW1K4wVtNpEouROWGnOiTPC	\N	\N	\N	0	\N	\N	\N	\N	2018-07-10 17:40:21.846032	2018-07-10 17:40:21.846032	\N	2018-09-04 05:48:54.726865	\N	\N
49	rhiannon_zulauf@rodriguez.biz	$2a$11$Fo5incJmcaWXsKtxUFBH8OT8cGuJV9cMMhcLayw/5EzB9.mLuEmmG	\N	\N	\N	0	\N	\N	\N	\N	2018-07-10 17:40:22.127024	2018-07-10 17:40:22.127024	\N	2018-09-04 05:48:54.726865	\N	\N
106	ran5@gmail.com	$2a$11$lTF9fL79JtYOJfIEC0cZaueV0Dym43ld/.0sNT6dWEixsE.3QO3GG	\N	\N	\N	1	2018-09-04 05:36:31.379391	2018-09-04 05:36:31.379391	127.0.0.1	127.0.0.1	2018-09-04 05:36:31.296526	2018-09-04 05:36:31.380471	\N	2018-09-04 05:48:54.726865	\N	\N
50	tad@cummings.net	$2a$11$yzBTAF8Fa3Trw447P.nB3eneUg5ymbjdpiuS./Qdx.7K0DlAozO0u	\N	\N	\N	0	\N	\N	\N	\N	2018-07-10 17:40:22.40821	2018-07-10 17:40:22.40821	\N	2018-09-04 05:48:54.726865	\N	\N
51	katharina.witting@watsica.org	$2a$11$r9u0EvznDsLzS5dJvhvdmOLVCSge9BrHdw6DP24ERHKu.xZdYvb4K	\N	\N	\N	0	\N	\N	\N	\N	2018-07-10 17:40:22.693094	2018-07-10 17:40:22.693094	\N	2018-09-04 05:48:54.726865	\N	\N
52	spencer.kub@thompson.com	$2a$11$myvfI982ExfY8/DoCL8IguM3GndrNa2bFv4mIj8CyjqcLPn/M38Qi	\N	\N	\N	0	\N	\N	\N	\N	2018-07-10 17:40:22.972897	2018-07-10 17:40:22.972897	\N	2018-09-04 05:48:54.726865	\N	\N
53	brandyn.lockman@connelly.com	$2a$11$8oacgK8mThRmKa.lzrUWgObMTsgLmdVg9Ki35jKS0pzTpFdpq6lvC	\N	\N	\N	0	\N	\N	\N	\N	2018-07-10 17:40:23.275738	2018-07-10 17:40:23.275738	\N	2018-09-04 05:48:54.726865	\N	\N
2	arvel_grady@hermann.io	$2a$11$zdz.ymG4o4ZRc84zWOv18u3GJJ7P022AiiE8fkX3GCkzJfe9N1d26	\N	\N	\N	1	2018-07-12 03:30:04.90163	2018-07-12 03:30:04.90163	127.0.0.1	127.0.0.1	2018-07-10 17:40:09.436199	2018-07-12 03:30:04.902853	\N	2018-09-04 05:48:54.726865	\N	\N
55	major@morarabshire.biz	$2a$11$exAhbLBVXOoOVIOBcUwZB.0g1XUrlr0XOrNPbhnCdVgsPI1vRBzNu	\N	\N	\N	0	\N	\N	\N	\N	2018-07-10 17:40:23.903401	2018-07-10 17:40:23.903401	\N	2018-09-04 05:48:54.726865	\N	\N
56	darlene@kunze.com	$2a$11$K6mogpUC6zKm7Buf6yPeAuBTVdQ94Oh4Tj9sVd2rSNzzniYb0KqX6	\N	\N	\N	0	\N	\N	\N	\N	2018-07-10 17:40:24.187262	2018-07-10 17:40:24.187262	\N	2018-09-04 05:48:54.726865	\N	\N
57	wilfrid.lakin@littel.com	$2a$11$urWLQPr7Q1PAEG5JlryhlOFftfBz2ydCvL1ZBPUfIlIq8QtB3Z5P.	\N	\N	\N	0	\N	\N	\N	\N	2018-07-10 17:40:24.477517	2018-07-10 17:40:24.477517	\N	2018-09-04 05:48:54.726865	\N	\N
58	hailee@durganspencer.co	$2a$11$eZZtwha5.8LsnlSTK0Pwv.IVL3lfUlsNIGTU0D4BhHzuAeFud1Wym	\N	\N	\N	0	\N	\N	\N	\N	2018-07-10 17:40:24.765068	2018-07-10 17:40:24.765068	\N	2018-09-04 05:48:54.726865	\N	\N
59	shaylee_willms@reingerratke.io	$2a$11$VhL6L6zQ1XXP5eKk99ZkzeLOk.cdAlRPIrDlM2q2X/Knru.TSqbIu	\N	\N	\N	0	\N	\N	\N	\N	2018-07-10 17:40:25.126546	2018-07-10 17:40:25.126546	\N	2018-09-04 05:48:54.726865	\N	\N
60	francesco@greenfeldererdman.biz	$2a$11$gMkf8.JVxh8TTaYwgMGCyuE/juAl5DxdyU4NbRAlaW.gDSVzwX49i	\N	\N	\N	0	\N	\N	\N	\N	2018-07-10 17:40:25.407774	2018-07-10 17:40:25.407774	\N	2018-09-04 05:48:54.726865	\N	\N
61	june@kshlerinbogan.org	$2a$11$VgDIng//TNmNiMGvzfAmvuEpBK/93Ws24rTi7SW3hpoPjmy4GDNZO	\N	\N	\N	0	\N	\N	\N	\N	2018-07-10 17:40:25.695348	2018-07-10 17:40:25.695348	\N	2018-09-04 05:48:54.726865	\N	\N
62	rosamond@baumbach.com	$2a$11$bXqTWi0AenqNnfamO5m2G.QtGmD56eFLb7VRPngP.HQzUHQ9/tCVG	\N	\N	\N	0	\N	\N	\N	\N	2018-07-10 17:40:25.980784	2018-07-10 17:40:25.980784	\N	2018-09-04 05:48:54.726865	\N	\N
63	lourdes_zemlak@orndibbert.org	$2a$11$MfEo.M3TOqoFADywoJn54eyUctfvbCL07nG0ZxARmPv.MtSUdisTu	\N	\N	\N	0	\N	\N	\N	\N	2018-07-10 17:40:26.259688	2018-07-10 17:40:26.259688	\N	2018-09-04 05:48:54.726865	\N	\N
64	stephon_swaniawski@prosacco.com	$2a$11$sv3kf7Q2Sw8c9B.6nN.0pO35kTm4cr80jmENGhEtZkV77/8P0Y60W	\N	\N	\N	0	\N	\N	\N	\N	2018-07-10 17:40:26.514824	2018-07-10 17:40:26.514824	\N	2018-09-04 05:48:54.726865	\N	\N
65	laron@becker.net	$2a$11$UM8GeG7Q7WDEKIo9/G2SzeweILMLK1ZCyZ89qrY5FawPX7NaSelhm	\N	\N	\N	0	\N	\N	\N	\N	2018-07-10 17:40:26.810921	2018-07-10 17:40:26.810921	\N	2018-09-04 05:48:54.726865	\N	\N
66	lavina_kuphal@bradtkemckenzie.co	$2a$11$hCZU8BPp6eBEDNpwUnnHyuL88x5zRWQpdKMELiNeQVo.SqlQZ/D82	\N	\N	\N	0	\N	\N	\N	\N	2018-07-10 17:40:27.179725	2018-07-10 17:40:27.179725	\N	2018-09-04 05:48:54.726865	\N	\N
68	davon_rohan@spinkaauer.co	$2a$11$mGqNTpn617kwYsExVaxskeDmTtiNZCoWN5sWyI6sW5ffQFdfGd.Hi	\N	\N	\N	0	\N	\N	\N	\N	2018-07-10 17:40:27.752137	2018-07-10 17:40:27.752137	\N	2018-09-04 05:48:54.726865	\N	\N
69	yoshiko@wardhaley.com	$2a$11$xb7JPX5bceYIxQEUK8WwUeKbzNRsaAULu1k4vi7dXRIsBsxr5eH42	\N	\N	\N	0	\N	\N	\N	\N	2018-07-10 17:40:28.02871	2018-07-10 17:40:28.02871	\N	2018-09-04 05:48:54.726865	\N	\N
70	jamar@lowe.info	$2a$11$Cyb2ppSHiayHoaQguCSKDett4k4eHrMfALRwSgVYb7EUBoSy9VOX.	\N	\N	\N	0	\N	\N	\N	\N	2018-07-10 17:40:28.305788	2018-07-10 17:40:28.305788	\N	2018-09-04 05:48:54.726865	\N	\N
71	lonie_koelpin@grantwiza.org	$2a$11$enzjylSPYMe.nPf29764TuQ6sRwjsEha8aZwIZTKo1Knek/cViqeq	\N	\N	\N	0	\N	\N	\N	\N	2018-07-10 17:40:28.587092	2018-07-10 17:40:28.587092	\N	2018-09-04 05:48:54.726865	\N	\N
72	dante.green@hoppe.net	$2a$11$cBjnd4HOUSXgGJcaAwT5j.XLFyWD3yz7o.a9vWtGgjOwuZ35DYM7y	\N	\N	\N	0	\N	\N	\N	\N	2018-07-10 17:40:28.866823	2018-07-10 17:40:28.866823	\N	2018-09-04 05:48:54.726865	\N	\N
73	cynthia@tremblay.org	$2a$11$bZ25gY8AurWUCDydZ9bQHOS73oLG5sXY3HXaEoIRR8wikxUWKDt8i	\N	\N	\N	0	\N	\N	\N	\N	2018-07-10 17:40:29.142374	2018-07-10 17:40:29.142374	\N	2018-09-04 05:48:54.726865	\N	\N
74	nathen@dare.io	$2a$11$/0lWonALxZh8XT7yatIz2.nl175genAfrJ1vBYrl7uJ4S715T3VFO	\N	\N	\N	0	\N	\N	\N	\N	2018-07-10 17:40:29.416211	2018-07-10 17:40:29.416211	\N	2018-09-04 05:48:54.726865	\N	\N
75	justine.kuhn@mcglynn.name	$2a$11$uAnltGnBytRRjS2ri7/SMeMAgXy8NNbkss7jFa/DBCKEYz4VT0Zkm	\N	\N	\N	0	\N	\N	\N	\N	2018-07-10 17:40:29.686325	2018-07-10 17:40:29.686325	\N	2018-09-04 05:48:54.726865	\N	\N
76	christina@hickle.io	$2a$11$oYpJjvTGmzpfn3GBzNHgtOBpB4CTzfALTXuY1j8yQzSNtFJHwLyIi	\N	\N	\N	0	\N	\N	\N	\N	2018-07-10 17:40:29.964919	2018-07-10 17:40:29.964919	\N	2018-09-04 05:48:54.726865	\N	\N
77	dejon_pacocha@kunde.io	$2a$11$iSQwCSXQyT8BuvLCcNgjAeGjDQYHpgIbYIR/Jx6OFuxTm0AJptNQ.	\N	\N	\N	0	\N	\N	\N	\N	2018-07-10 17:40:30.213675	2018-07-10 17:40:30.213675	\N	2018-09-04 05:48:54.726865	\N	\N
78	murray@schimmelmetz.info	$2a$11$PaByqpiOG7ymz7Z/msHsBeWT8sLSRIaMWysrCOH18XZBYWYuA1RZ6	\N	\N	\N	0	\N	\N	\N	\N	2018-07-10 17:40:30.480043	2018-07-10 17:40:30.480043	\N	2018-09-04 05:48:54.726865	\N	\N
79	pink.quitzon@weber.io	$2a$11$3CTvCH4k5LOdWEkmFJ/0segA9cjT.0w2.1F5pxX.HdklphpUBFILq	\N	\N	\N	0	\N	\N	\N	\N	2018-07-10 17:40:30.738388	2018-07-10 17:40:30.738388	\N	2018-09-04 05:48:54.726865	\N	\N
80	jazmyn_veum@reillywilliamson.org	$2a$11$usrTc1PaZtbcmBg.v6xuf.sxYjMihmqxUNb6Aq5mtwIphPJetgPVi	\N	\N	\N	0	\N	\N	\N	\N	2018-07-10 17:40:31.019976	2018-07-10 17:40:31.019976	\N	2018-09-04 05:48:54.726865	\N	\N
81	bailee.rosenbaum@damore.co	$2a$11$y5vAc2VAWoSOK1Vd6midF.MLkGGAzI93I4.zr2JEsx48OL6/R8rQ2	\N	\N	\N	0	\N	\N	\N	\N	2018-07-10 17:40:31.290228	2018-07-10 17:40:31.290228	\N	2018-09-04 05:48:54.726865	\N	\N
82	emerson@rennerdurgan.com	$2a$11$fvqekkvwKiLxt6mY/XJ4meAFfRtxDlh4kp5lXZrZ7Mp5rByg366Va	\N	\N	\N	0	\N	\N	\N	\N	2018-07-10 17:40:31.556809	2018-07-10 17:40:31.556809	\N	2018-09-04 05:48:54.726865	\N	\N
83	rebeca_schultz@hahn.net	$2a$11$lUt7GqWyd81RkeZn2bX5ve/9GdZlzh0gPcJYLWrWCbMrmr9yrBwva	\N	\N	\N	0	\N	\N	\N	\N	2018-07-10 17:40:31.8483	2018-07-10 17:40:31.8483	\N	2018-09-04 05:48:54.726865	\N	\N
84	vincent_ebert@douglas.info	$2a$11$CLrlXlnrCU4a6LU9C5wZSu63xMFTTi5Ii3444lAafI82THZfEke1q	\N	\N	\N	0	\N	\N	\N	\N	2018-07-10 17:40:32.121266	2018-07-10 17:40:32.121266	\N	2018-09-04 05:48:54.726865	\N	\N
85	nadia@bergstrom.org	$2a$11$DbCgX0Z0AXNqH.S.6kx0N.b377yz/O6K.OtOgZRQfbPDWvc2W/vYO	\N	\N	\N	0	\N	\N	\N	\N	2018-07-10 17:40:32.387227	2018-07-10 17:40:32.387227	\N	2018-09-04 05:48:54.726865	\N	\N
86	joannie.schmeler@gislason.name	$2a$11$wMgLngPmquOmV9JEKVtbPO.6EXOqEf2x4MRjJv6WZAHzI00ZRm8cq	\N	\N	\N	0	\N	\N	\N	\N	2018-07-10 17:40:32.642622	2018-07-10 17:40:32.642622	\N	2018-09-04 05:48:54.726865	\N	\N
87	brent@spinkaframi.net	$2a$11$45D.LiCpneVg2j1vfn88yuIX3bnfa0Vbzur/YmureRZeVapaYAL3K	\N	\N	\N	0	\N	\N	\N	\N	2018-07-10 17:40:32.913835	2018-07-10 17:40:32.913835	\N	2018-09-04 05:48:54.726865	\N	\N
88	thaddeus_weber@batz.net	$2a$11$n8MNOXGvtWH2R7mH/PYrPeVkfhvFDfeLU9ka/0efLkYUA43RASQUO	\N	\N	\N	0	\N	\N	\N	\N	2018-07-10 17:40:33.21184	2018-07-10 17:40:33.21184	\N	2018-09-04 05:48:54.726865	\N	\N
89	jaylan@doyle.net	$2a$11$/qUK6RxpS8lAKBYas2XRn.Eh2AXZ8HCSYVc/MyeVqa..K5eT1iZoa	\N	\N	\N	0	\N	\N	\N	\N	2018-07-10 17:40:33.492015	2018-07-10 17:40:33.492015	\N	2018-09-04 05:48:54.726865	\N	\N
90	ruell@pagaccruickshank.net	$2a$11$p0Sw1hJ3G3elZ1tj.E2PneR6f3m5fsQO7unQGQLoCfkGwqh6WxOHq	\N	\N	\N	0	\N	\N	\N	\N	2018-07-10 17:40:33.76386	2018-07-10 17:40:33.76386	\N	2018-09-04 05:48:54.726865	\N	\N
91	deshawn_thompson@senger.net	$2a$11$NpwuzArqwYiWKUEQY0aCZehyfOlVc/ft34h9QqvYpyrMnJH7mJK6O	\N	\N	\N	0	\N	\N	\N	\N	2018-07-10 17:40:34.031495	2018-07-10 17:40:34.031495	\N	2018-09-04 05:48:54.726865	\N	\N
92	brennan_grimes@barrows.org	$2a$11$LY0ZSQ.IBxwAxEzDqYp68eVYRJAbRxdMeQKkUQCPZvcoP05qu1hLO	\N	\N	\N	0	\N	\N	\N	\N	2018-07-10 17:40:34.297248	2018-07-10 17:40:34.297248	\N	2018-09-04 05:48:54.726865	\N	\N
93	deborah@abernathylang.co	$2a$11$RQXCj/XmPF0pL4yNM6R6gusVBduS/L59pOFZKJOMU1R3PP/JSW5mK	\N	\N	\N	0	\N	\N	\N	\N	2018-07-10 17:40:34.630725	2018-07-10 17:40:34.630725	\N	2018-09-04 05:48:54.726865	\N	\N
94	leonor.wiegand@aufderhar.biz	$2a$11$p.rC3EqMXk2koaNBbS6rfesPt521i331KVfFz6EyMW3wFbD29p8eS	\N	\N	\N	0	\N	\N	\N	\N	2018-07-10 17:40:34.921592	2018-07-10 17:40:34.921592	\N	2018-09-04 05:48:54.726865	\N	\N
95	wilton@hickle.com	$2a$11$5udwh96HmecIl3TIHuTGGOpTG7VGRgIJ8h9awEkiD1L9aqjq8oUVi	\N	\N	\N	0	\N	\N	\N	\N	2018-07-10 17:40:35.233141	2018-07-10 17:40:35.233141	\N	2018-09-04 05:48:54.726865	\N	\N
96	johnny@kilback.net	$2a$11$s6m8juKd4DsxIY02zQx7p.UYB9s9qEUl7a7xSF8KKCAZaKBWYPCH2	\N	\N	\N	0	\N	\N	\N	\N	2018-07-10 17:40:35.515197	2018-07-10 17:40:35.515197	\N	2018-09-04 05:48:54.726865	\N	\N
97	gwendolyn@ortiz.com	$2a$11$spKNLez9TdxjqIyP.9I3r.R6RZNkmfinruN7sE7LmZ4GcDT/qVIlu	\N	\N	\N	0	\N	\N	\N	\N	2018-07-10 17:40:35.80649	2018-07-10 17:40:35.80649	\N	2018-09-04 05:48:54.726865	\N	\N
98	ollie_rau@gaylord.com	$2a$11$Zg/XAa7eo06DD9WrqxpgVeI30Tf8f1bhgaFlgc.u1y.5dJsZS8kGO	\N	\N	\N	0	\N	\N	\N	\N	2018-07-10 17:40:36.145167	2018-07-10 17:40:36.145167	\N	2018-09-04 05:48:54.726865	\N	\N
99	cecile.olson@mann.io	$2a$11$QohPA70D44x9aZCJntDJX.3/b9w6ljKfYKXUPq4YGDBEnN7.wumt6	\N	\N	\N	0	\N	\N	\N	\N	2018-07-10 17:40:36.421127	2018-07-10 17:40:36.421127	\N	2018-09-04 05:48:54.726865	\N	\N
100	zita@marks.co	$2a$11$a7o4Ik3mzmwZAoj7zWcsDeRoOgA.ZSK49z57f/qhc5IJWrvozDQvm	\N	\N	\N	0	\N	\N	\N	\N	2018-07-10 17:40:36.714894	2018-07-10 17:40:36.714894	\N	2018-09-04 05:48:54.726865	\N	\N
1	alanis_kiehn@barton.io	$2a$11$XHa3hD61JEdBWu3c3kqSkOjg9ejd8GUYwKmEMpbcUNjwHqhiCrdbe	\N	\N	\N	7	2018-07-13 05:43:54.460394	2018-07-12 02:49:14.587899	127.0.0.1	127.0.0.1	2018-07-10 17:40:09.030182	2018-07-13 05:43:54.462006	\N	2018-09-04 05:48:54.726865	\N	\N
101	ran@gmail.com	$2a$11$GEEDLMIu/FQ1yPTUp5OUOOmE4ox/X59fBm0KXaeGtxx6U57tpilFm	\N	\N	\N	20	2018-09-03 15:37:49.844803	2018-09-03 12:00:19.81257	127.0.0.1	127.0.0.1	2018-07-13 14:19:38.069119	2018-09-03 15:37:49.847195	\N	2018-09-04 05:48:54.726865	\N	\N
103	ran2@gmail.com	$2a$11$d3QTQ60404UZF01NrIOIvuHrR2jTSnAErzqYKKuGcu4b1GRd7aB3K	\N	\N	\N	1	2018-08-30 10:09:50.945799	2018-08-30 10:09:50.945799	127.0.0.1	127.0.0.1	2018-08-30 10:09:50.881088	2018-08-30 10:09:50.947121	\N	2018-09-04 05:48:54.726865	\N	\N
113	ranjan010@ran.com	$2a$11$bagDbXBkr7utMfA0PY8WQudnBlDYeDJkFghdiM3DAKE0tRaDfd.Qa	\N	\N	\N	1	2018-09-04 06:43:09.223496	2018-09-04 06:43:09.223496	127.0.0.1	127.0.0.1	2018-09-04 06:43:09.19335	2018-09-04 06:43:09.224401	\N	\N	\N	\N
114	dfa@asd.com	$2a$11$IrmDPluHC/ZpJCJgSWFqeuX1vze5StnN01UQ0.j.rpVECuHbmfn0y	\N	\N	\N	1	2018-09-04 06:48:25.817994	2018-09-04 06:48:25.817994	127.0.0.1	127.0.0.1	2018-09-04 06:48:25.803728	2018-09-04 06:48:25.81889	\N	\N	\N	\N
115	dfa@asd.com1	$2a$11$5bWdPvb6.sUXGM5NF0Crj.hCLOfiRkE9.LZKjgI/p.kNXT6zVsp4y	\N	\N	\N	1	2018-09-04 06:49:00.4133	2018-09-04 06:49:00.4133	127.0.0.1	127.0.0.1	2018-09-04 06:49:00.393803	2018-09-04 06:49:00.414101	\N	\N	\N	\N
102	ran1@gmail.com	$2a$11$maei5EDfGV9wO8XDBjxs/O88.YSFU1.zdrP66KEt69AXT7E5qFVGe	\N	\N	\N	13	2018-09-04 08:06:12.908971	2018-09-04 08:05:42.376172	127.0.0.1	127.0.0.1	2018-08-30 04:19:49.917832	2018-09-04 08:06:12.91036	\N	2018-09-04 05:48:54.726865	\N	\N
\.


--
-- Name: seekers_id_seq; Type: SEQUENCE SET; Schema: public; Owner: -
--

SELECT pg_catalog.setval('public.seekers_id_seq', 116, true);


--
-- Data for Name: skills; Type: TABLE DATA; Schema: public; Owner: -
--

COPY public.skills (id, name, created_at, updated_at) FROM stdin;
1	Ruby On Rails	2018-07-10 17:41:06.26412	2018-07-10 17:41:06.26412
2	Java	2018-07-10 17:41:06.28174	2018-07-10 17:41:06.28174
3	Python	2018-07-10 17:41:06.292845	2018-07-10 17:41:06.292845
4	ASP.net	2018-07-10 17:41:06.304024	2018-07-10 17:41:06.304024
5	Leadership	2018-07-10 17:41:06.315091	2018-07-10 17:41:06.315091
6	Communication	2018-07-10 17:41:06.326225	2018-07-10 17:41:06.326225
7	Research	2018-07-10 17:41:06.338633	2018-07-10 17:41:06.338633
8	Writing	2018-07-10 17:41:06.348291	2018-07-10 17:41:06.348291
9	Reading	2018-07-10 17:41:06.359356	2018-07-10 17:41:06.359356
10	Teamwork	2018-07-10 17:41:06.370515	2018-07-10 17:41:06.370515
11	Problem Solving	2018-07-10 17:41:06.381647	2018-07-10 17:41:06.381647
12	Accountability	2018-07-10 17:41:06.392605	2018-07-10 17:41:06.392605
13	Driving	2018-07-10 17:41:06.403701	2018-07-10 17:41:06.403701
14	Troubleshooting	2018-07-10 17:41:06.414887	2018-07-10 17:41:06.414887
15	Data analysis	2018-07-10 17:41:06.426186	2018-07-10 17:41:06.426186
16	Strategic Planning	2018-07-10 17:41:06.437001	2018-07-10 17:41:06.437001
17	Coordinating	2018-07-10 17:41:06.4482	2018-07-10 17:41:06.4482
18	Strategic thinking	2018-07-10 17:41:06.459299	2018-07-10 17:41:06.459299
19	Coaching	2018-07-10 17:41:06.470356	2018-07-10 17:41:06.470356
20	Decision making	2018-07-10 17:41:06.481443	2018-07-10 17:41:06.481443
21	Advising	2018-07-10 17:41:06.493101	2018-07-10 17:41:06.493101
\.


--
-- Name: skills_id_seq; Type: SEQUENCE SET; Schema: public; Owner: -
--

SELECT pg_catalog.setval('public.skills_id_seq', 21, true);


--
-- Data for Name: taggings; Type: TABLE DATA; Schema: public; Owner: -
--

COPY public.taggings (id, tag_id, taggable_type, taggable_id, tagger_type, tagger_id, context, created_at) FROM stdin;
\.


--
-- Name: taggings_id_seq; Type: SEQUENCE SET; Schema: public; Owner: -
--

SELECT pg_catalog.setval('public.taggings_id_seq', 1, false);


--
-- Data for Name: tags; Type: TABLE DATA; Schema: public; Owner: -
--

COPY public.tags (id, name, taggings_count) FROM stdin;
\.


--
-- Name: tags_id_seq; Type: SEQUENCE SET; Schema: public; Owner: -
--

SELECT pg_catalog.setval('public.tags_id_seq', 1, false);


--
-- Name: apply_jobs_pkey; Type: CONSTRAINT; Schema: public; Owner: -
--

ALTER TABLE ONLY public.apply_jobs
    ADD CONSTRAINT apply_jobs_pkey PRIMARY KEY (id);


--
-- Name: ar_internal_metadata_pkey; Type: CONSTRAINT; Schema: public; Owner: -
--

ALTER TABLE ONLY public.ar_internal_metadata
    ADD CONSTRAINT ar_internal_metadata_pkey PRIMARY KEY (key);


--
-- Name: categories_pkey; Type: CONSTRAINT; Schema: public; Owner: -
--

ALTER TABLE ONLY public.categories
    ADD CONSTRAINT categories_pkey PRIMARY KEY (id);


--
-- Name: educations_pkey; Type: CONSTRAINT; Schema: public; Owner: -
--

ALTER TABLE ONLY public.educations
    ADD CONSTRAINT educations_pkey PRIMARY KEY (id);


--
-- Name: job_categories_pkey; Type: CONSTRAINT; Schema: public; Owner: -
--

ALTER TABLE ONLY public.job_categories
    ADD CONSTRAINT job_categories_pkey PRIMARY KEY (id);


--
-- Name: job_educations_pkey; Type: CONSTRAINT; Schema: public; Owner: -
--

ALTER TABLE ONLY public.job_educations
    ADD CONSTRAINT job_educations_pkey PRIMARY KEY (id);


--
-- Name: job_posts_pkey; Type: CONSTRAINT; Schema: public; Owner: -
--

ALTER TABLE ONLY public.job_posts
    ADD CONSTRAINT job_posts_pkey PRIMARY KEY (id);


--
-- Name: job_skills_pkey; Type: CONSTRAINT; Schema: public; Owner: -
--

ALTER TABLE ONLY public.job_skills
    ADD CONSTRAINT job_skills_pkey PRIMARY KEY (id);


--
-- Name: recuitor_profiles_pkey; Type: CONSTRAINT; Schema: public; Owner: -
--

ALTER TABLE ONLY public.recuitor_profiles
    ADD CONSTRAINT recuitor_profiles_pkey PRIMARY KEY (id);


--
-- Name: recuitors_pkey; Type: CONSTRAINT; Schema: public; Owner: -
--

ALTER TABLE ONLY public.recuitors
    ADD CONSTRAINT recuitors_pkey PRIMARY KEY (id);


--
-- Name: schema_migrations_pkey; Type: CONSTRAINT; Schema: public; Owner: -
--

ALTER TABLE ONLY public.schema_migrations
    ADD CONSTRAINT schema_migrations_pkey PRIMARY KEY (version);


--
-- Name: seeker_categories_pkey; Type: CONSTRAINT; Schema: public; Owner: -
--

ALTER TABLE ONLY public.seeker_categories
    ADD CONSTRAINT seeker_categories_pkey PRIMARY KEY (id);


--
-- Name: seeker_educations_pkey; Type: CONSTRAINT; Schema: public; Owner: -
--

ALTER TABLE ONLY public.seeker_educations
    ADD CONSTRAINT seeker_educations_pkey PRIMARY KEY (id);


--
-- Name: seeker_profiles_pkey; Type: CONSTRAINT; Schema: public; Owner: -
--

ALTER TABLE ONLY public.seeker_profiles
    ADD CONSTRAINT seeker_profiles_pkey PRIMARY KEY (id);


--
-- Name: seeker_skills_pkey; Type: CONSTRAINT; Schema: public; Owner: -
--

ALTER TABLE ONLY public.seeker_skills
    ADD CONSTRAINT seeker_skills_pkey PRIMARY KEY (id);


--
-- Name: seekers_pkey; Type: CONSTRAINT; Schema: public; Owner: -
--

ALTER TABLE ONLY public.seekers
    ADD CONSTRAINT seekers_pkey PRIMARY KEY (id);


--
-- Name: skills_pkey; Type: CONSTRAINT; Schema: public; Owner: -
--

ALTER TABLE ONLY public.skills
    ADD CONSTRAINT skills_pkey PRIMARY KEY (id);


--
-- Name: taggings_pkey; Type: CONSTRAINT; Schema: public; Owner: -
--

ALTER TABLE ONLY public.taggings
    ADD CONSTRAINT taggings_pkey PRIMARY KEY (id);


--
-- Name: tags_pkey; Type: CONSTRAINT; Schema: public; Owner: -
--

ALTER TABLE ONLY public.tags
    ADD CONSTRAINT tags_pkey PRIMARY KEY (id);


--
-- Name: index_apply_jobs_on_job_post_id; Type: INDEX; Schema: public; Owner: -
--

CREATE INDEX index_apply_jobs_on_job_post_id ON public.apply_jobs USING btree (job_post_id);


--
-- Name: index_apply_jobs_on_seeker_id; Type: INDEX; Schema: public; Owner: -
--

CREATE INDEX index_apply_jobs_on_seeker_id ON public.apply_jobs USING btree (seeker_id);


--
-- Name: index_job_categories_on_category_id; Type: INDEX; Schema: public; Owner: -
--

CREATE INDEX index_job_categories_on_category_id ON public.job_categories USING btree (category_id);


--
-- Name: index_job_categories_on_job_post_id; Type: INDEX; Schema: public; Owner: -
--

CREATE INDEX index_job_categories_on_job_post_id ON public.job_categories USING btree (job_post_id);


--
-- Name: index_job_educations_on_education_id; Type: INDEX; Schema: public; Owner: -
--

CREATE INDEX index_job_educations_on_education_id ON public.job_educations USING btree (education_id);


--
-- Name: index_job_educations_on_job_post_id; Type: INDEX; Schema: public; Owner: -
--

CREATE INDEX index_job_educations_on_job_post_id ON public.job_educations USING btree (job_post_id);


--
-- Name: index_job_posts_on_recuitor_id; Type: INDEX; Schema: public; Owner: -
--

CREATE INDEX index_job_posts_on_recuitor_id ON public.job_posts USING btree (recuitor_id);


--
-- Name: index_job_skills_on_job_post_id; Type: INDEX; Schema: public; Owner: -
--

CREATE INDEX index_job_skills_on_job_post_id ON public.job_skills USING btree (job_post_id);


--
-- Name: index_job_skills_on_skill_id; Type: INDEX; Schema: public; Owner: -
--

CREATE INDEX index_job_skills_on_skill_id ON public.job_skills USING btree (skill_id);


--
-- Name: index_recuitor_profiles_on_recuitor_id; Type: INDEX; Schema: public; Owner: -
--

CREATE INDEX index_recuitor_profiles_on_recuitor_id ON public.recuitor_profiles USING btree (recuitor_id);


--
-- Name: index_recuitors_on_confirmation_token; Type: INDEX; Schema: public; Owner: -
--

CREATE UNIQUE INDEX index_recuitors_on_confirmation_token ON public.recuitors USING btree (confirmation_token);


--
-- Name: index_recuitors_on_email; Type: INDEX; Schema: public; Owner: -
--

CREATE UNIQUE INDEX index_recuitors_on_email ON public.recuitors USING btree (email);


--
-- Name: index_recuitors_on_reset_password_token; Type: INDEX; Schema: public; Owner: -
--

CREATE UNIQUE INDEX index_recuitors_on_reset_password_token ON public.recuitors USING btree (reset_password_token);


--
-- Name: index_seeker_categories_on_category_id; Type: INDEX; Schema: public; Owner: -
--

CREATE INDEX index_seeker_categories_on_category_id ON public.seeker_categories USING btree (category_id);


--
-- Name: index_seeker_categories_on_seeker_profile_id; Type: INDEX; Schema: public; Owner: -
--

CREATE INDEX index_seeker_categories_on_seeker_profile_id ON public.seeker_categories USING btree (seeker_profile_id);


--
-- Name: index_seeker_educations_on_education_id; Type: INDEX; Schema: public; Owner: -
--

CREATE INDEX index_seeker_educations_on_education_id ON public.seeker_educations USING btree (education_id);


--
-- Name: index_seeker_educations_on_seeker_profile_id; Type: INDEX; Schema: public; Owner: -
--

CREATE INDEX index_seeker_educations_on_seeker_profile_id ON public.seeker_educations USING btree (seeker_profile_id);


--
-- Name: index_seeker_profiles_on_seeker_id; Type: INDEX; Schema: public; Owner: -
--

CREATE INDEX index_seeker_profiles_on_seeker_id ON public.seeker_profiles USING btree (seeker_id);


--
-- Name: index_seeker_skills_on_seeker_profile_id; Type: INDEX; Schema: public; Owner: -
--

CREATE INDEX index_seeker_skills_on_seeker_profile_id ON public.seeker_skills USING btree (seeker_profile_id);


--
-- Name: index_seeker_skills_on_skill_id; Type: INDEX; Schema: public; Owner: -
--

CREATE INDEX index_seeker_skills_on_skill_id ON public.seeker_skills USING btree (skill_id);


--
-- Name: index_seekers_on_confirmation_token; Type: INDEX; Schema: public; Owner: -
--

CREATE UNIQUE INDEX index_seekers_on_confirmation_token ON public.seekers USING btree (confirmation_token);


--
-- Name: index_seekers_on_email; Type: INDEX; Schema: public; Owner: -
--

CREATE UNIQUE INDEX index_seekers_on_email ON public.seekers USING btree (email);


--
-- Name: index_seekers_on_reset_password_token; Type: INDEX; Schema: public; Owner: -
--

CREATE UNIQUE INDEX index_seekers_on_reset_password_token ON public.seekers USING btree (reset_password_token);


--
-- Name: index_taggings_on_context; Type: INDEX; Schema: public; Owner: -
--

CREATE INDEX index_taggings_on_context ON public.taggings USING btree (context);


--
-- Name: index_taggings_on_tag_id; Type: INDEX; Schema: public; Owner: -
--

CREATE INDEX index_taggings_on_tag_id ON public.taggings USING btree (tag_id);


--
-- Name: index_taggings_on_taggable_id; Type: INDEX; Schema: public; Owner: -
--

CREATE INDEX index_taggings_on_taggable_id ON public.taggings USING btree (taggable_id);


--
-- Name: index_taggings_on_taggable_id_and_taggable_type_and_context; Type: INDEX; Schema: public; Owner: -
--

CREATE INDEX index_taggings_on_taggable_id_and_taggable_type_and_context ON public.taggings USING btree (taggable_id, taggable_type, context);


--
-- Name: index_taggings_on_taggable_type; Type: INDEX; Schema: public; Owner: -
--

CREATE INDEX index_taggings_on_taggable_type ON public.taggings USING btree (taggable_type);


--
-- Name: index_taggings_on_tagger_id; Type: INDEX; Schema: public; Owner: -
--

CREATE INDEX index_taggings_on_tagger_id ON public.taggings USING btree (tagger_id);


--
-- Name: index_taggings_on_tagger_id_and_tagger_type; Type: INDEX; Schema: public; Owner: -
--

CREATE INDEX index_taggings_on_tagger_id_and_tagger_type ON public.taggings USING btree (tagger_id, tagger_type);


--
-- Name: index_tags_on_name; Type: INDEX; Schema: public; Owner: -
--

CREATE UNIQUE INDEX index_tags_on_name ON public.tags USING btree (name);


--
-- Name: taggings_idx; Type: INDEX; Schema: public; Owner: -
--

CREATE UNIQUE INDEX taggings_idx ON public.taggings USING btree (tag_id, taggable_id, taggable_type, context, tagger_id, tagger_type);


--
-- Name: taggings_idy; Type: INDEX; Schema: public; Owner: -
--

CREATE INDEX taggings_idy ON public.taggings USING btree (taggable_id, taggable_type, tagger_id, context);


--
-- PostgreSQL database dump complete
--

